video_frame_idx,unix_time,payload_frame,raw_payload,decode_ok
0,1764643616.823,10605,"1764643616.823,f=10605",True
1,1764643616.856,10606,"1764643616.856,f=10606",True
2,1764643616.89,10607,"1764643616.890,f=10607",True
3,1764643616.923,10608,"1764643616.923,f=10608",True
4,1764643616.956,10609,"1764643616.956,f=10609",True
5,1764643616.99,10610,"1764643616.990,f=10610",True
6,1764643617.023,10611,"1764643617.023,f=10611",True
7,1764643617.056,10612,"1764643617.056,f=10612",True
8,1764643617.09,10613,"1764643617.090,f=10613",True
9,1764643617.123,10614,"1764643617.123,f=10614",True
10,1764643617.156,10615,"1764643617.156,f=10615",True
11,1764643617.19,10616,"1764643617.190,f=10616",True
12,1764643617.223,10617,"1764643617.223,f=10617",True
13,1764643617.256,10618,"1764643617.256,f=10618",True
14,1764643617.29,10619,"1764643617.290,f=10619",True
15,1764643617.323,10620,"1764643617.323,f=10620",True
16,1764643617.356,10621,"1764643617.356,f=10621",True
17,1764643617.39,10622,"1764643617.390,f=10622",True
18,1764643617.423,10623,"1764643617.423,f=10623",True
19,1764643617.456,10624,"1764643617.456,f=10624",True
20,1764643617.49,10625,"1764643617.490,f=10625",True
21,1764643617.523,10626,"1764643617.523,f=10626",True
22,1764643617.556,10627,"1764643617.556,f=10627",True
23,1764643617.59,10628,"1764643617.590,f=10628",True
24,1764643617.623,10629,"1764643617.623,f=10629",True
25,1764643617.656,10630,"1764643617.656,f=10630",True
26,1764643617.69,10631,"1764643617.690,f=10631",True
27,1764643617.723,10632,"1764643617.723,f=10632",True
28,1764643617.756,10633,"1764643617.756,f=10633",True
29,1764643617.79,10634,"1764643617.790,f=10634",True
30,1764643617.823,10635,"1764643617.823,f=10635",True
31,1764643617.856,10636,"1764643617.856,f=10636",True
32,1764643617.89,10637,"1764643617.890,f=10637",True
33,1764643617.923,10638,"1764643617.923,f=10638",True
34,1764643617.956,10639,"1764643617.956,f=10639",True
35,1764643617.99,10640,"1764643617.990,f=10640",True
36,1764643618.023,10641,"1764643618.023,f=10641",True
37,1764643618.056,10642,"1764643618.056,f=10642",True
38,1764643618.09,10643,"1764643618.090,f=10643",True
39,1764643618.123,10644,"1764643618.123,f=10644",True
40,1764643618.156,10645,"1764643618.156,f=10645",True
41,1764643618.19,10646,"1764643618.190,f=10646",True
42,1764643618.223,10647,"1764643618.223,f=10647",True
43,1764643618.256,10648,"1764643618.256,f=10648",True
44,1764643618.29,10649,"1764643618.290,f=10649",True
45,1764643618.323,10650,"1764643618.323,f=10650",True
46,1764643618.356,10651,"1764643618.356,f=10651",True
47,1764643618.39,10652,"1764643618.390,f=10652",True
48,1764643618.423,10653,"1764643618.423,f=10653",True
49,1764643618.456,10654,"1764643618.456,f=10654",True
50,1764643618.49,10655,"1764643618.490,f=10655",True
51,1764643618.523,10656,"1764643618.523,f=10656",True
52,1764643618.556,10657,"1764643618.556,f=10657",True
53,1764643618.59,10658,"1764643618.590,f=10658",True
54,1764643618.623,10659,"1764643618.623,f=10659",True
55,1764643618.656,10660,"1764643618.656,f=10660",True
56,1764643618.69,10661,"1764643618.690,f=10661",True
57,1764643618.723,10662,"1764643618.723,f=10662",True
58,1764643618.756,10663,"1764643618.756,f=10663",True
59,1764643618.79,10664,"1764643618.790,f=10664",True
60,1764643618.823,10665,"1764643618.823,f=10665",True
61,1764643618.856,10666,"1764643618.856,f=10666",True
62,1764643618.89,10667,"1764643618.890,f=10667",True
63,1764643618.923,10668,"1764643618.923,f=10668",True
64,1764643618.956,10669,"1764643618.956,f=10669",True
65,1764643618.99,10670,"1764643618.990,f=10670",True
66,1764643619.023,10671,"1764643619.023,f=10671",True
67,1764643619.056,10672,"1764643619.056,f=10672",True
68,1764643619.09,10673,"1764643619.090,f=10673",True
69,1764643619.123,10674,"1764643619.123,f=10674",True
70,1764643619.156,10675,"1764643619.156,f=10675",True
71,1764643619.19,10676,"1764643619.190,f=10676",True
72,1764643619.223,10677,"1764643619.223,f=10677",True
73,1764643619.256,10678,"1764643619.256,f=10678",True
74,1764643619.29,10679,"1764643619.290,f=10679",True
75,1764643619.323,10680,"1764643619.323,f=10680",True
76,1764643619.356,10681,"1764643619.356,f=10681",True
77,1764643619.39,10682,"1764643619.390,f=10682",True
78,1764643619.423,10683,"1764643619.423,f=10683",True
79,1764643619.456,10684,"1764643619.456,f=10684",True
80,1764643619.49,10685,"1764643619.490,f=10685",True
81,1764643619.523,10686,"1764643619.523,f=10686",True
82,1764643619.556,10687,"1764643619.556,f=10687",True
83,1764643619.59,10688,"1764643619.590,f=10688",True
84,1764643619.623,10689,"1764643619.623,f=10689",True
85,1764643619.656,10690,"1764643619.656,f=10690",True
86,1764643619.69,10691,"1764643619.690,f=10691",True
87,1764643619.723,10692,"1764643619.723,f=10692",True
88,1764643619.756,10693,"1764643619.756,f=10693",True
89,1764643619.79,10694,"1764643619.790,f=10694",True
90,1764643619.823,10695,"1764643619.823,f=10695",True
91,1764643619.856,10696,"1764643619.856,f=10696",True
92,1764643619.89,10697,"1764643619.890,f=10697",True
93,1764643619.923,10698,"1764643619.923,f=10698",True
94,1764643619.956,10699,"1764643619.956,f=10699",True
95,1764643619.99,10700,"1764643619.990,f=10700",True
96,1764643620.023,10701,"1764643620.023,f=10701",True
97,1764643620.056,10702,"1764643620.056,f=10702",True
98,1764643620.09,10703,"1764643620.090,f=10703",True
99,1764643620.123,10704,"1764643620.123,f=10704",True
100,1764643620.156,10705,"1764643620.156,f=10705",True
101,1764643620.19,10706,"1764643620.190,f=10706",True
102,1764643620.223,10707,"1764643620.223,f=10707",True
103,1764643620.256,10708,"1764643620.256,f=10708",True
104,1764643620.29,10709,"1764643620.290,f=10709",True
105,1764643620.323,10710,"1764643620.323,f=10710",True
106,1764643620.356,10711,"1764643620.356,f=10711",True
107,1764643620.39,10712,"1764643620.390,f=10712",True
108,1764643620.423,10713,"1764643620.423,f=10713",True
109,1764643620.456,10714,"1764643620.456,f=10714",True
110,1764643620.49,10715,"1764643620.490,f=10715",True
111,1764643620.523,10716,"1764643620.523,f=10716",True
112,1764643620.556,10717,"1764643620.556,f=10717",True
113,1764643620.59,10718,"1764643620.590,f=10718",True
114,1764643620.623,10719,"1764643620.623,f=10719",True
115,1764643620.656,10720,"1764643620.656,f=10720",True
116,1764643620.69,10721,"1764643620.690,f=10721",True
117,1764643620.723,10722,"1764643620.723,f=10722",True
118,1764643620.756,10723,"1764643620.756,f=10723",True
119,1764643620.79,10724,"1764643620.790,f=10724",True
120,1764643620.823,10725,"1764643620.823,f=10725",True
121,1764643620.856,10726,"1764643620.856,f=10726",True
122,1764643620.89,10727,"1764643620.890,f=10727",True
123,1764643620.923,10728,"1764643620.923,f=10728",True
124,1764643620.956,10729,"1764643620.956,f=10729",True
125,1764643620.99,10730,"1764643620.990,f=10730",True
126,1764643621.023,10731,"1764643621.023,f=10731",True
127,1764643621.056,10732,"1764643621.056,f=10732",True
128,1764643621.09,10733,"1764643621.090,f=10733",True
129,1764643621.123,10734,"1764643621.123,f=10734",True
130,1764643621.156,10735,"1764643621.156,f=10735",True
131,1764643621.19,10736,"1764643621.190,f=10736",True
132,1764643621.223,10737,"1764643621.223,f=10737",True
133,1764643621.256,10738,"1764643621.256,f=10738",True
134,1764643621.29,10739,"1764643621.290,f=10739",True
135,1764643621.323,10740,"1764643621.323,f=10740",True
136,1764643621.356,10741,"1764643621.356,f=10741",True
137,1764643621.39,10742,"1764643621.390,f=10742",True
138,1764643621.423,10743,"1764643621.423,f=10743",True
139,1764643621.456,10744,"1764643621.456,f=10744",True
140,1764643621.49,10745,"1764643621.490,f=10745",True
141,1764643621.523,10746,"1764643621.523,f=10746",True
142,1764643621.556,10747,"1764643621.556,f=10747",True
143,1764643621.59,10748,"1764643621.590,f=10748",True
144,1764643621.623,10749,"1764643621.623,f=10749",True
145,1764643621.656,10750,"1764643621.656,f=10750",True
146,1764643621.69,10751,"1764643621.690,f=10751",True
147,1764643621.723,10752,"1764643621.723,f=10752",True
148,1764643621.756,10753,"1764643621.756,f=10753",True
149,1764643621.79,10754,"1764643621.790,f=10754",True
150,1764643621.823,10755,"1764643621.823,f=10755",True
151,1764643621.856,10756,"1764643621.856,f=10756",True
152,1764643621.89,10757,"1764643621.890,f=10757",True
153,1764643621.923,10758,"1764643621.923,f=10758",True
154,1764643621.956,10759,"1764643621.956,f=10759",True
155,1764643621.99,10760,"1764643621.990,f=10760",True
156,1764643622.023,10761,"1764643622.023,f=10761",True
157,1764643622.056,10762,"1764643622.056,f=10762",True
158,1764643622.09,10763,"1764643622.090,f=10763",True
159,1764643622.123,10764,"1764643622.123,f=10764",True
160,1764643622.156,10765,"1764643622.156,f=10765",True
161,1764643622.19,10766,"1764643622.190,f=10766",True
162,1764643622.223,10767,"1764643622.223,f=10767",True
163,1764643622.256,10768,"1764643622.256,f=10768",True
164,1764643622.29,10769,"1764643622.290,f=10769",True
165,1764643622.323,10770,"1764643622.323,f=10770",True
166,1764643622.356,10771,"1764643622.356,f=10771",True
167,1764643622.39,10772,"1764643622.390,f=10772",True
168,1764643622.423,10773,"1764643622.423,f=10773",True
169,1764643622.456,10774,"1764643622.456,f=10774",True
170,1764643622.49,10775,"1764643622.490,f=10775",True
171,1764643622.523,10776,"1764643622.523,f=10776",True
172,1764643622.556,10777,"1764643622.556,f=10777",True
173,1764643622.59,10778,"1764643622.590,f=10778",True
174,1764643622.623,10779,"1764643622.623,f=10779",True
175,1764643622.656,10780,"1764643622.656,f=10780",True
176,1764643622.69,10781,"1764643622.690,f=10781",True
177,1764643622.723,10782,"1764643622.723,f=10782",True
178,1764643622.756,10783,"1764643622.756,f=10783",True
179,1764643622.79,10784,"1764643622.790,f=10784",True
180,1764643622.823,10785,"1764643622.823,f=10785",True
181,1764643622.856,10786,"1764643622.856,f=10786",True
182,1764643622.89,10787,"1764643622.890,f=10787",True
183,1764643622.923,10788,"1764643622.923,f=10788",True
184,1764643622.956,10789,"1764643622.956,f=10789",True
185,1764643622.99,10790,"1764643622.990,f=10790",True
186,1764643623.023,10791,"1764643623.023,f=10791",True
187,1764643623.056,10792,"1764643623.056,f=10792",True
188,1764643623.09,10793,"1764643623.090,f=10793",True
189,1764643623.123,10794,"1764643623.123,f=10794",True
190,1764643623.156,10795,"1764643623.156,f=10795",True
191,1764643623.19,10796,"1764643623.190,f=10796",True
192,1764643623.223,10797,"1764643623.223,f=10797",True
193,1764643623.256,10798,"1764643623.256,f=10798",True
194,1764643623.29,10799,"1764643623.290,f=10799",True
195,1764643623.323,10800,"1764643623.323,f=10800",True
196,1764643623.356,10801,"1764643623.356,f=10801",True
197,1764643623.39,10802,"1764643623.390,f=10802",True
198,1764643623.423,10803,"1764643623.423,f=10803",True
199,1764643623.456,10804,"1764643623.456,f=10804",True
200,1764643623.49,10805,"1764643623.490,f=10805",True
201,1764643623.523,10806,"1764643623.523,f=10806",True
202,1764643623.556,10807,"1764643623.556,f=10807",True
203,1764643623.59,10808,"1764643623.590,f=10808",True
204,1764643623.623,10809,"1764643623.623,f=10809",True
205,1764643623.656,10810,"1764643623.656,f=10810",True
206,1764643623.69,10811,"1764643623.690,f=10811",True
207,1764643623.723,10812,"1764643623.723,f=10812",True
208,1764643623.756,10813,"1764643623.756,f=10813",True
209,1764643623.79,10814,"1764643623.790,f=10814",True
210,1764643623.823,10815,"1764643623.823,f=10815",True
211,1764643623.856,10816,"1764643623.856,f=10816",True
212,1764643623.89,10817,"1764643623.890,f=10817",True
213,1764643623.923,10818,"1764643623.923,f=10818",True
214,1764643623.956,10819,"1764643623.956,f=10819",True
215,1764643623.99,10820,"1764643623.990,f=10820",True
216,1764643624.023,10821,"1764643624.023,f=10821",True
217,1764643624.056,10822,"1764643624.056,f=10822",True
218,1764643624.09,10823,"1764643624.090,f=10823",True
219,1764643624.123,10824,"1764643624.123,f=10824",True
220,1764643624.156,10825,"1764643624.156,f=10825",True
221,1764643624.19,10826,"1764643624.190,f=10826",True
222,1764643624.223,10827,"1764643624.223,f=10827",True
223,1764643624.256,10828,"1764643624.256,f=10828",True
224,1764643624.29,10829,"1764643624.290,f=10829",True
225,1764643624.323,10830,"1764643624.323,f=10830",True
226,1764643624.356,10831,"1764643624.356,f=10831",True
227,1764643624.39,10832,"1764643624.390,f=10832",True
228,1764643624.423,10833,"1764643624.423,f=10833",True
229,1764643624.456,10834,"1764643624.456,f=10834",True
230,1764643624.49,10835,"1764643624.490,f=10835",True
231,1764643624.523,10836,"1764643624.523,f=10836",True
232,1764643624.556,10837,"1764643624.556,f=10837",True
233,1764643624.59,10838,"1764643624.590,f=10838",True
234,1764643624.623,10839,"1764643624.623,f=10839",True
235,1764643624.656,10840,"1764643624.656,f=10840",True
236,1764643624.69,10841,"1764643624.690,f=10841",True
237,1764643624.723,10842,"1764643624.723,f=10842",True
238,1764643624.756,10843,"1764643624.756,f=10843",True
239,1764643624.79,10844,"1764643624.790,f=10844",True
240,1764643624.823,10845,"1764643624.823,f=10845",True
241,1764643624.856,10846,"1764643624.856,f=10846",True
242,1764643624.89,10847,"1764643624.890,f=10847",True
243,1764643624.923,10848,"1764643624.923,f=10848",True
244,1764643624.956,10849,"1764643624.956,f=10849",True
245,1764643624.99,10850,"1764643624.990,f=10850",True
246,1764643625.023,10851,"1764643625.023,f=10851",True
247,1764643625.056,10852,"1764643625.056,f=10852",True
248,1764643625.09,10853,"1764643625.090,f=10853",True
249,1764643625.123,10854,"1764643625.123,f=10854",True
250,1764643625.156,10855,"1764643625.156,f=10855",True
251,1764643625.19,10856,"1764643625.190,f=10856",True
252,1764643625.223,10857,"1764643625.223,f=10857",True
253,1764643625.256,10858,"1764643625.256,f=10858",True
254,1764643625.29,10859,"1764643625.290,f=10859",True
255,1764643625.323,10860,"1764643625.323,f=10860",True
256,1764643625.356,10861,"1764643625.356,f=10861",True
257,1764643625.39,10862,"1764643625.390,f=10862",True
258,1764643625.423,10863,"1764643625.423,f=10863",True
259,1764643625.456,10864,"1764643625.456,f=10864",True
260,1764643625.49,10865,"1764643625.490,f=10865",True
261,1764643625.523,10866,"1764643625.523,f=10866",True
262,1764643625.556,10867,"1764643625.556,f=10867",True
263,1764643625.59,10868,"1764643625.590,f=10868",True
264,1764643625.623,10869,"1764643625.623,f=10869",True
265,1764643625.656,10870,"1764643625.656,f=10870",True
266,1764643625.69,10871,"1764643625.690,f=10871",True
267,1764643625.723,10872,"1764643625.723,f=10872",True
268,1764643625.756,10873,"1764643625.756,f=10873",True
269,1764643625.79,10874,"1764643625.790,f=10874",True
270,1764643625.823,10875,"1764643625.823,f=10875",True
271,1764643625.856,10876,"1764643625.856,f=10876",True
272,1764643625.89,10877,"1764643625.890,f=10877",True
273,1764643625.923,10878,"1764643625.923,f=10878",True
274,1764643625.956,10879,"1764643625.956,f=10879",True
275,1764643625.99,10880,"1764643625.990,f=10880",True
276,1764643626.023,10881,"1764643626.023,f=10881",True
277,1764643626.056,10882,"1764643626.056,f=10882",True
278,1764643626.09,10883,"1764643626.090,f=10883",True
279,1764643626.123,10884,"1764643626.123,f=10884",True
280,1764643626.156,10885,"1764643626.156,f=10885",True
281,1764643626.19,10886,"1764643626.190,f=10886",True
282,1764643626.223,10887,"1764643626.223,f=10887",True
283,1764643626.256,10888,"1764643626.256,f=10888",True
284,1764643626.29,10889,"1764643626.290,f=10889",True
285,1764643626.323,10890,"1764643626.323,f=10890",True
286,1764643626.356,10891,"1764643626.356,f=10891",True
287,1764643626.39,10892,"1764643626.390,f=10892",True
288,1764643626.423,10893,"1764643626.423,f=10893",True
289,1764643626.456,10894,"1764643626.456,f=10894",True
290,1764643626.49,10895,"1764643626.490,f=10895",True
291,1764643626.523,10896,"1764643626.523,f=10896",True
292,1764643626.556,10897,"1764643626.556,f=10897",True
293,1764643626.59,10898,"1764643626.590,f=10898",True
294,1764643626.623,10899,"1764643626.623,f=10899",True
295,1764643626.656,10900,"1764643626.656,f=10900",True
296,1764643626.69,10901,"1764643626.690,f=10901",True
297,1764643626.723,10902,"1764643626.723,f=10902",True
298,1764643626.756,10903,"1764643626.756,f=10903",True
299,1764643626.79,10904,"1764643626.790,f=10904",True
300,1764643626.823,10905,"1764643626.823,f=10905",True
301,1764643626.856,10906,"1764643626.856,f=10906",True
302,1764643626.89,10907,"1764643626.890,f=10907",True
303,1764643626.923,10908,"1764643626.923,f=10908",True
304,1764643626.956,10909,"1764643626.956,f=10909",True
305,1764643626.99,10910,"1764643626.990,f=10910",True
306,1764643627.023,10911,"1764643627.023,f=10911",True
307,1764643627.056,10912,"1764643627.056,f=10912",True
308,1764643627.09,10913,"1764643627.090,f=10913",True
309,1764643627.123,10914,"1764643627.123,f=10914",True
310,,,,False
311,1764643627.19,10916,"1764643627.190,f=10916",True
312,1764643627.223,10917,"1764643627.223,f=10917",True
313,1764643627.256,10918,"1764643627.256,f=10918",True
314,1764643627.29,10919,"1764643627.290,f=10919",True
315,1764643627.323,10920,"1764643627.323,f=10920",True
316,1764643627.356,10921,"1764643627.356,f=10921",True
317,1764643627.39,10922,"1764643627.390,f=10922",True
318,1764643627.423,10923,"1764643627.423,f=10923",True
319,1764643627.456,10924,"1764643627.456,f=10924",True
320,1764643627.49,10925,"1764643627.490,f=10925",True
321,1764643627.523,10926,"1764643627.523,f=10926",True
322,1764643627.556,10927,"1764643627.556,f=10927",True
323,1764643627.59,10928,"1764643627.590,f=10928",True
324,1764643627.623,10929,"1764643627.623,f=10929",True
325,1764643627.656,10930,"1764643627.656,f=10930",True
326,1764643627.69,10931,"1764643627.690,f=10931",True
327,1764643627.723,10932,"1764643627.723,f=10932",True
328,1764643627.756,10933,"1764643627.756,f=10933",True
329,1764643627.79,10934,"1764643627.790,f=10934",True
330,1764643627.823,10935,"1764643627.823,f=10935",True
331,1764643627.856,10936,"1764643627.856,f=10936",True
332,1764643627.89,10937,"1764643627.890,f=10937",True
333,1764643627.923,10938,"1764643627.923,f=10938",True
334,1764643627.956,10939,"1764643627.956,f=10939",True
335,1764643627.99,10940,"1764643627.990,f=10940",True
336,1764643628.023,10941,"1764643628.023,f=10941",True
337,1764643628.056,10942,"1764643628.056,f=10942",True
338,1764643628.09,10943,"1764643628.090,f=10943",True
339,1764643628.123,10944,"1764643628.123,f=10944",True
340,1764643628.156,10945,"1764643628.156,f=10945",True
341,1764643628.19,10946,"1764643628.190,f=10946",True
342,1764643628.223,10947,"1764643628.223,f=10947",True
343,1764643628.256,10948,"1764643628.256,f=10948",True
344,1764643628.29,10949,"1764643628.290,f=10949",True
345,1764643628.323,10950,"1764643628.323,f=10950",True
346,1764643628.356,10951,"1764643628.356,f=10951",True
347,1764643628.39,10952,"1764643628.390,f=10952",True
348,1764643628.423,10953,"1764643628.423,f=10953",True
349,1764643628.456,10954,"1764643628.456,f=10954",True
350,1764643628.49,10955,"1764643628.490,f=10955",True
351,1764643628.523,10956,"1764643628.523,f=10956",True
352,1764643628.556,10957,"1764643628.556,f=10957",True
353,1764643628.59,10958,"1764643628.590,f=10958",True
354,1764643628.623,10959,"1764643628.623,f=10959",True
355,1764643628.656,10960,"1764643628.656,f=10960",True
356,1764643628.69,10961,"1764643628.690,f=10961",True
357,1764643628.723,10962,"1764643628.723,f=10962",True
358,1764643628.756,10963,"1764643628.756,f=10963",True
359,1764643628.79,10964,"1764643628.790,f=10964",True
360,1764643628.823,10965,"1764643628.823,f=10965",True
361,1764643628.856,10966,"1764643628.856,f=10966",True
362,1764643628.89,10967,"1764643628.890,f=10967",True
363,1764643628.923,10968,"1764643628.923,f=10968",True
364,1764643628.956,10969,"1764643628.956,f=10969",True
365,1764643628.99,10970,"1764643628.990,f=10970",True
366,1764643629.023,10971,"1764643629.023,f=10971",True
367,1764643629.056,10972,"1764643629.056,f=10972",True
368,1764643629.09,10973,"1764643629.090,f=10973",True
369,1764643629.123,10974,"1764643629.123,f=10974",True
370,1764643629.156,10975,"1764643629.156,f=10975",True
371,1764643629.19,10976,"1764643629.190,f=10976",True
372,1764643629.223,10977,"1764643629.223,f=10977",True
373,1764643629.256,10978,"1764643629.256,f=10978",True
374,1764643629.29,10979,"1764643629.290,f=10979",True
375,1764643629.323,10980,"1764643629.323,f=10980",True
376,1764643629.356,10981,"1764643629.356,f=10981",True
377,1764643629.39,10982,"1764643629.390,f=10982",True
378,1764643629.423,10983,"1764643629.423,f=10983",True
379,1764643629.456,10984,"1764643629.456,f=10984",True
380,1764643629.49,10985,"1764643629.490,f=10985",True
381,1764643629.523,10986,"1764643629.523,f=10986",True
382,1764643629.556,10987,"1764643629.556,f=10987",True
383,1764643629.59,10988,"1764643629.590,f=10988",True
384,1764643629.623,10989,"1764643629.623,f=10989",True
385,1764643629.656,10990,"1764643629.656,f=10990",True
386,1764643629.69,10991,"1764643629.690,f=10991",True
387,1764643629.723,10992,"1764643629.723,f=10992",True
388,1764643629.756,10993,"1764643629.756,f=10993",True
389,1764643629.79,10994,"1764643629.790,f=10994",True
390,1764643629.823,10995,"1764643629.823,f=10995",True
391,1764643629.856,10996,"1764643629.856,f=10996",True
392,1764643629.89,10997,"1764643629.890,f=10997",True
393,1764643629.923,10998,"1764643629.923,f=10998",True
394,1764643629.956,10999,"1764643629.956,f=10999",True
395,1764643629.99,11000,"1764643629.990,f=11000",True
396,1764643630.023,11001,"1764643630.023,f=11001",True
397,1764643630.056,11002,"1764643630.056,f=11002",True
398,1764643630.09,11003,"1764643630.090,f=11003",True
399,1764643630.123,11004,"1764643630.123,f=11004",True
400,1764643630.156,11005,"1764643630.156,f=11005",True
401,1764643630.19,11006,"1764643630.190,f=11006",True
402,1764643630.223,11007,"1764643630.223,f=11007",True
403,1764643630.256,11008,"1764643630.256,f=11008",True
404,1764643630.29,11009,"1764643630.290,f=11009",True
405,1764643630.323,11010,"1764643630.323,f=11010",True
406,1764643630.356,11011,"1764643630.356,f=11011",True
407,1764643630.39,11012,"1764643630.390,f=11012",True
408,1764643630.423,11013,"1764643630.423,f=11013",True
409,1764643630.423,11013,"1764643630.423,f=11013",True
410,1764643630.49,11015,"1764643630.490,f=11015",True
411,1764643630.523,11016,"1764643630.523,f=11016",True
412,1764643630.556,11017,"1764643630.556,f=11017",True
413,1764643630.59,11018,"1764643630.590,f=11018",True
414,1764643630.623,11019,"1764643630.623,f=11019",True
415,1764643630.656,11020,"1764643630.656,f=11020",True
416,1764643630.69,11021,"1764643630.690,f=11021",True
417,1764643630.723,11022,"1764643630.723,f=11022",True
418,1764643630.756,11023,"1764643630.756,f=11023",True
419,1764643630.79,11024,"1764643630.790,f=11024",True
420,1764643630.823,11025,"1764643630.823,f=11025",True
421,1764643630.856,11026,"1764643630.856,f=11026",True
422,1764643630.89,11027,"1764643630.890,f=11027",True
423,1764643630.923,11028,"1764643630.923,f=11028",True
424,1764643630.956,11029,"1764643630.956,f=11029",True
425,1764643630.99,11030,"1764643630.990,f=11030",True
426,1764643631.023,11031,"1764643631.023,f=11031",True
427,1764643631.056,11032,"1764643631.056,f=11032",True
428,1764643631.09,11033,"1764643631.090,f=11033",True
429,1764643631.123,11034,"1764643631.123,f=11034",True
430,1764643631.156,11035,"1764643631.156,f=11035",True
431,1764643631.19,11036,"1764643631.190,f=11036",True
432,1764643631.223,11037,"1764643631.223,f=11037",True
433,1764643631.256,11038,"1764643631.256,f=11038",True
434,1764643631.29,11039,"1764643631.290,f=11039",True
435,1764643631.323,11040,"1764643631.323,f=11040",True
436,1764643631.356,11041,"1764643631.356,f=11041",True
437,1764643631.39,11042,"1764643631.390,f=11042",True
438,1764643631.423,11043,"1764643631.423,f=11043",True
439,1764643631.456,11044,"1764643631.456,f=11044",True
440,1764643631.49,11045,"1764643631.490,f=11045",True
441,1764643631.523,11046,"1764643631.523,f=11046",True
442,1764643631.556,11047,"1764643631.556,f=11047",True
443,1764643631.59,11048,"1764643631.590,f=11048",True
444,1764643631.623,11049,"1764643631.623,f=11049",True
445,1764643631.656,11050,"1764643631.656,f=11050",True
446,1764643631.69,11051,"1764643631.690,f=11051",True
447,1764643631.723,11052,"1764643631.723,f=11052",True
448,1764643631.756,11053,"1764643631.756,f=11053",True
449,1764643631.79,11054,"1764643631.790,f=11054",True
450,1764643631.823,11055,"1764643631.823,f=11055",True
451,1764643631.856,11056,"1764643631.856,f=11056",True
452,1764643631.89,11057,"1764643631.890,f=11057",True
453,1764643631.923,11058,"1764643631.923,f=11058",True
454,1764643631.956,11059,"1764643631.956,f=11059",True
455,1764643631.99,11060,"1764643631.990,f=11060",True
456,1764643632.023,11061,"1764643632.023,f=11061",True
457,1764643632.056,11062,"1764643632.056,f=11062",True
458,1764643632.09,11063,"1764643632.090,f=11063",True
459,1764643632.123,11064,"1764643632.123,f=11064",True
460,1764643632.156,11065,"1764643632.156,f=11065",True
461,1764643632.19,11066,"1764643632.190,f=11066",True
462,1764643632.223,11067,"1764643632.223,f=11067",True
463,1764643632.256,11068,"1764643632.256,f=11068",True
464,1764643632.29,11069,"1764643632.290,f=11069",True
465,1764643632.323,11070,"1764643632.323,f=11070",True
466,1764643632.356,11071,"1764643632.356,f=11071",True
467,1764643632.39,11072,"1764643632.390,f=11072",True
468,1764643632.423,11073,"1764643632.423,f=11073",True
469,1764643632.456,11074,"1764643632.456,f=11074",True
470,1764643632.49,11075,"1764643632.490,f=11075",True
471,1764643632.523,11076,"1764643632.523,f=11076",True
472,1764643632.556,11077,"1764643632.556,f=11077",True
473,1764643632.59,11078,"1764643632.590,f=11078",True
474,1764643632.623,11079,"1764643632.623,f=11079",True
475,1764643632.656,11080,"1764643632.656,f=11080",True
476,1764643632.69,11081,"1764643632.690,f=11081",True
477,1764643632.723,11082,"1764643632.723,f=11082",True
478,1764643632.756,11083,"1764643632.756,f=11083",True
479,1764643632.79,11084,"1764643632.790,f=11084",True
480,1764643632.823,11085,"1764643632.823,f=11085",True
481,1764643632.856,11086,"1764643632.856,f=11086",True
482,1764643632.89,11087,"1764643632.890,f=11087",True
483,1764643632.923,11088,"1764643632.923,f=11088",True
484,1764643632.956,11089,"1764643632.956,f=11089",True
485,1764643632.99,11090,"1764643632.990,f=11090",True
486,1764643633.023,11091,"1764643633.023,f=11091",True
487,1764643633.056,11092,"1764643633.056,f=11092",True
488,1764643633.09,11093,"1764643633.090,f=11093",True
489,1764643633.123,11094,"1764643633.123,f=11094",True
490,1764643633.156,11095,"1764643633.156,f=11095",True
491,1764643633.19,11096,"1764643633.190,f=11096",True
492,1764643633.223,11097,"1764643633.223,f=11097",True
493,1764643633.256,11098,"1764643633.256,f=11098",True
494,1764643633.29,11099,"1764643633.290,f=11099",True
495,1764643633.323,11100,"1764643633.323,f=11100",True
496,1764643633.356,11101,"1764643633.356,f=11101",True
497,1764643633.39,11102,"1764643633.390,f=11102",True
498,1764643633.423,11103,"1764643633.423,f=11103",True
499,1764643633.456,11104,"1764643633.456,f=11104",True
500,1764643633.49,11105,"1764643633.490,f=11105",True
501,1764643633.523,11106,"1764643633.523,f=11106",True
502,1764643633.556,11107,"1764643633.556,f=11107",True
503,1764643633.59,11108,"1764643633.590,f=11108",True
504,1764643633.623,11109,"1764643633.623,f=11109",True
505,1764643633.656,11110,"1764643633.656,f=11110",True
506,1764643633.69,11111,"1764643633.690,f=11111",True
507,1764643633.723,11112,"1764643633.723,f=11112",True
508,1764643633.756,11113,"1764643633.756,f=11113",True
509,1764643633.79,11114,"1764643633.790,f=11114",True
510,1764643633.823,11115,"1764643633.823,f=11115",True
511,1764643633.856,11116,"1764643633.856,f=11116",True
512,1764643633.89,11117,"1764643633.890,f=11117",True
513,1764643633.923,11118,"1764643633.923,f=11118",True
514,1764643633.956,11119,"1764643633.956,f=11119",True
515,1764643633.99,11120,"1764643633.990,f=11120",True
516,1764643634.023,11121,"1764643634.023,f=11121",True
517,1764643634.056,11122,"1764643634.056,f=11122",True
518,1764643634.09,11123,"1764643634.090,f=11123",True
519,1764643634.123,11124,"1764643634.123,f=11124",True
520,1764643634.156,11125,"1764643634.156,f=11125",True
521,1764643634.19,11126,"1764643634.190,f=11126",True
522,1764643634.223,11127,"1764643634.223,f=11127",True
523,1764643634.256,11128,"1764643634.256,f=11128",True
524,1764643634.29,11129,"1764643634.290,f=11129",True
525,1764643634.323,11130,"1764643634.323,f=11130",True
526,1764643634.356,11131,"1764643634.356,f=11131",True
527,1764643634.39,11132,"1764643634.390,f=11132",True
528,1764643634.423,11133,"1764643634.423,f=11133",True
529,1764643634.456,11134,"1764643634.456,f=11134",True
530,1764643634.49,11135,"1764643634.490,f=11135",True
531,1764643634.523,11136,"1764643634.523,f=11136",True
532,1764643634.556,11137,"1764643634.556,f=11137",True
533,1764643634.59,11138,"1764643634.590,f=11138",True
534,1764643634.623,11139,"1764643634.623,f=11139",True
535,1764643634.656,11140,"1764643634.656,f=11140",True
536,1764643634.69,11141,"1764643634.690,f=11141",True
537,1764643634.723,11142,"1764643634.723,f=11142",True
538,1764643634.756,11143,"1764643634.756,f=11143",True
539,1764643634.79,11144,"1764643634.790,f=11144",True
540,1764643634.823,11145,"1764643634.823,f=11145",True
541,1764643634.856,11146,"1764643634.856,f=11146",True
542,1764643634.89,11147,"1764643634.890,f=11147",True
543,1764643634.923,11148,"1764643634.923,f=11148",True
544,1764643634.956,11149,"1764643634.956,f=11149",True
545,1764643634.99,11150,"1764643634.990,f=11150",True
546,1764643635.023,11151,"1764643635.023,f=11151",True
547,1764643635.056,11152,"1764643635.056,f=11152",True
548,1764643635.09,11153,"1764643635.090,f=11153",True
549,1764643635.123,11154,"1764643635.123,f=11154",True
550,1764643635.156,11155,"1764643635.156,f=11155",True
551,1764643635.19,11156,"1764643635.190,f=11156",True
552,1764643635.223,11157,"1764643635.223,f=11157",True
553,1764643635.256,11158,"1764643635.256,f=11158",True
554,1764643635.29,11159,"1764643635.290,f=11159",True
555,1764643635.323,11160,"1764643635.323,f=11160",True
556,1764643635.356,11161,"1764643635.356,f=11161",True
557,1764643635.39,11162,"1764643635.390,f=11162",True
558,1764643635.423,11163,"1764643635.423,f=11163",True
559,1764643635.456,11164,"1764643635.456,f=11164",True
560,1764643635.49,11165,"1764643635.490,f=11165",True
561,1764643635.523,11166,"1764643635.523,f=11166",True
562,1764643635.556,11167,"1764643635.556,f=11167",True
563,1764643635.59,11168,"1764643635.590,f=11168",True
564,1764643635.623,11169,"1764643635.623,f=11169",True
565,1764643635.656,11170,"1764643635.656,f=11170",True
566,1764643635.69,11171,"1764643635.690,f=11171",True
567,1764643635.723,11172,"1764643635.723,f=11172",True
568,1764643635.756,11173,"1764643635.756,f=11173",True
569,,,,False
570,1764643635.823,11175,"1764643635.823,f=11175",True
571,1764643635.856,11176,"1764643635.856,f=11176",True
572,1764643635.89,11177,"1764643635.890,f=11177",True
573,1764643635.923,11178,"1764643635.923,f=11178",True
574,1764643635.956,11179,"1764643635.956,f=11179",True
575,1764643635.99,11180,"1764643635.990,f=11180",True
576,1764643636.023,11181,"1764643636.023,f=11181",True
577,1764643636.056,11182,"1764643636.056,f=11182",True
578,1764643636.09,11183,"1764643636.090,f=11183",True
579,1764643636.123,11184,"1764643636.123,f=11184",True
580,1764643636.156,11185,"1764643636.156,f=11185",True
581,1764643636.19,11186,"1764643636.190,f=11186",True
582,1764643636.223,11187,"1764643636.223,f=11187",True
583,1764643636.256,11188,"1764643636.256,f=11188",True
584,1764643636.29,11189,"1764643636.290,f=11189",True
585,,,,False
586,1764643636.356,11191,"1764643636.356,f=11191",True
587,1764643636.39,11192,"1764643636.390,f=11192",True
588,1764643636.423,11193,"1764643636.423,f=11193",True
589,,,,False
590,1764643636.49,11195,"1764643636.490,f=11195",True
591,1764643636.523,11196,"1764643636.523,f=11196",True
592,,,,False
593,,,,False
594,1764643636.623,11199,"1764643636.623,f=11199",True
595,1764643636.656,11200,"1764643636.656,f=11200",True
596,1764643636.69,11201,"1764643636.690,f=11201",True
597,1764643636.723,11202,"1764643636.723,f=11202",True
598,1764643636.756,11203,"1764643636.756,f=11203",True
599,1764643636.79,11204,"1764643636.790,f=11204",True
600,,,,False
601,,,,False
602,,,,False
603,,,,False
604,,,,False
605,1764643636.99,11210,"1764643636.990,f=11210",True
606,,,,False
607,1764643637.056,11212,"1764643637.056,f=11212",True
608,1764643637.09,11213,"1764643637.090,f=11213",True
609,,,,False
610,,,,False
611,,,,False
612,,,,False
613,1764643637.256,11218,"1764643637.256,f=11218",True
614,1764643637.29,11219,"1764643637.290,f=11219",True
615,1764643637.323,11220,"1764643637.323,f=11220",True
616,1764643637.356,11221,"1764643637.356,f=11221",True
617,,,,False
618,,,,False
619,,,,False
620,,,,False
621,1764643637.523,11226,"1764643637.523,f=11226",True
622,1764643637.556,11227,"1764643637.556,f=11227",True
623,1764643637.59,11228,"1764643637.590,f=11228",True
624,,,,False
625,,,,False
626,,,,False
627,,,,False
628,,,,False
629,,,,False
630,1764643637.823,11235,"1764643637.823,f=11235",True
631,,,,False
632,1764643637.89,11237,"1764643637.890,f=11237",True
633,1764643637.923,11238,"1764643637.923,f=11238",True
634,1764643637.956,11239,"1764643637.956,f=11239",True
635,1764643637.99,11240,"1764643637.990,f=11240",True
636,1764643638.023,11241,"1764643638.023,f=11241",True
637,,,,False
638,,,,False
639,,,,False
640,,,,False
641,,,,False
642,,,,False
643,,,,False
644,1764643638.29,11249,"1764643638.290,f=11249",True
645,,,,False
646,,,,False
647,,,,False
648,,,,False
649,,,,False
650,,,,False
651,,,,False
652,,,,False
653,,,,False
654,,,,False
655,,,,False
656,,,,False
657,,,,False
658,,,,False
659,,,,False
660,,,,False
661,,,,False
662,,,,False
663,,,,False
664,,,,False
665,,,,False
666,,,,False
667,,,,False
668,,,,False
669,,,,False
670,,,,False
671,,,,False
672,,,,False
673,,,,False
674,,,,False
675,,,,False
676,,,,False
677,,,,False
678,,,,False
679,,,,False
680,,,,False
681,,,,False
682,,,,False
683,,,,False
684,,,,False
685,,,,False
686,,,,False
687,,,,False
688,,,,False
689,,,,False
690,,,,False
691,,,,False
692,,,,False
693,,,,False
694,,,,False
695,,,,False
696,,,,False
697,,,,False
698,,,,False
699,,,,False
700,,,,False
701,,,,False
702,,,,False
703,,,,False
704,,,,False
705,,,,False
706,,,,False
707,,,,False
708,,,,False
709,,,,False
710,,,,False
711,1764643640.49,11315,"1764643640.490,f=11315",True
712,,,,False
713,1764643640.556,11317,"1764643640.556,f=11317",True
714,,,,False
715,,,,False
716,,,,False
717,,,,False
718,1764643640.723,11322,"1764643640.723,f=11322",True
719,,,,False
720,,,,False
721,,,,False
722,,,,False
723,,,,False
724,1764643640.923,11328,"1764643640.923,f=11328",True
725,1764643640.956,11329,"1764643640.956,f=11329",True
726,1764643640.99,11330,"1764643640.990,f=11330",True
727,,,,False
728,,,,False
729,,,,False
730,,,,False
731,1764643641.156,11335,"1764643641.156,f=11335",True
732,1764643641.19,11336,"1764643641.190,f=11336",True
733,1764643641.223,11337,"1764643641.223,f=11337",True
734,1764643641.256,11338,"1764643641.256,f=11338",True
735,,,,False
736,1764643641.323,11340,"1764643641.323,f=11340",True
737,1764643641.356,11341,"1764643641.356,f=11341",True
738,1764643641.39,11342,"1764643641.390,f=11342",True
739,1764643641.423,11343,"1764643641.423,f=11343",True
740,1764643641.456,11344,"1764643641.456,f=11344",True
741,,,,False
742,,,,False
743,1764643641.556,11347,"1764643641.556,f=11347",True
744,1764643641.59,11348,"1764643641.590,f=11348",True
745,,,,False
746,,,,False
747,,,,False
748,,,,False
749,1764643641.756,11353,"1764643641.756,f=11353",True
750,,,,False
751,1764643641.823,11355,"1764643641.823,f=11355",True
752,,,,False
753,,,,False
754,,,,False
755,,,,False
756,1764643641.99,11360,"1764643641.990,f=11360",True
757,,,,False
758,,,,False
759,,,,False
760,1764643642.123,11364,"1764643642.123,f=11364",True
761,,,,False
762,,,,False
763,1764643642.223,11367,"1764643642.223,f=11367",True
764,1764643642.256,11368,"1764643642.256,f=11368",True
765,1764643642.29,11369,"1764643642.290,f=11369",True
766,1764643642.323,11370,"1764643642.323,f=11370",True
767,1764643642.356,11371,"1764643642.356,f=11371",True
768,1764643642.39,11372,"1764643642.390,f=11372",True
769,1764643642.423,11373,"1764643642.423,f=11373",True
770,,,,False
771,,,,False
772,,,,False
773,1764643642.556,11377,"1764643642.556,f=11377",True
774,1764643642.59,11378,"1764643642.590,f=11378",True
775,1764643642.623,11379,"1764643642.623,f=11379",True
776,1764643642.656,11380,"1764643642.656,f=11380",True
777,1764643642.69,11381,"1764643642.690,f=11381",True
778,1764643642.723,11382,"1764643642.723,f=11382",True
779,1764643642.756,11383,"1764643642.756,f=11383",True
780,1764643642.79,11384,"1764643642.790,f=11384",True
781,1764643642.823,11385,"1764643642.823,f=11385",True
782,1764643642.856,11386,"1764643642.856,f=11386",True
783,1764643642.89,11387,"1764643642.890,f=11387",True
784,1764643642.923,11388,"1764643642.923,f=11388",True
785,1764643642.956,11389,"1764643642.956,f=11389",True
786,1764643642.99,11390,"1764643642.990,f=11390",True
787,1764643643.023,11391,"1764643643.023,f=11391",True
788,1764643643.056,11392,"1764643643.056,f=11392",True
789,1764643643.09,11393,"1764643643.090,f=11393",True
790,1764643643.123,11394,"1764643643.123,f=11394",True
791,1764643643.156,11395,"1764643643.156,f=11395",True
792,1764643643.19,11396,"1764643643.190,f=11396",True
793,1764643643.223,11397,"1764643643.223,f=11397",True
794,1764643643.256,11398,"1764643643.256,f=11398",True
795,1764643643.29,11399,"1764643643.290,f=11399",True
796,1764643643.323,11400,"1764643643.323,f=11400",True
797,1764643643.356,11401,"1764643643.356,f=11401",True
798,1764643643.39,11402,"1764643643.390,f=11402",True
799,1764643643.423,11403,"1764643643.423,f=11403",True
800,1764643643.456,11404,"1764643643.456,f=11404",True
801,1764643643.49,11405,"1764643643.490,f=11405",True
802,1764643643.523,11406,"1764643643.523,f=11406",True
803,1764643643.556,11407,"1764643643.556,f=11407",True
804,1764643643.59,11408,"1764643643.590,f=11408",True
805,1764643643.623,11409,"1764643643.623,f=11409",True
806,1764643643.656,11410,"1764643643.656,f=11410",True
807,1764643643.69,11411,"1764643643.690,f=11411",True
808,1764643643.723,11412,"1764643643.723,f=11412",True
809,1764643643.756,11413,"1764643643.756,f=11413",True
810,1764643643.79,11414,"1764643643.790,f=11414",True
811,1764643643.823,11415,"1764643643.823,f=11415",True
812,1764643643.856,11416,"1764643643.856,f=11416",True
813,1764643643.89,11417,"1764643643.890,f=11417",True
814,1764643643.923,11418,"1764643643.923,f=11418",True
815,1764643643.956,11419,"1764643643.956,f=11419",True
816,1764643643.99,11420,"1764643643.990,f=11420",True
817,1764643644.023,11421,"1764643644.023,f=11421",True
818,1764643644.056,11422,"1764643644.056,f=11422",True
819,1764643644.09,11423,"1764643644.090,f=11423",True
820,1764643644.123,11424,"1764643644.123,f=11424",True
821,1764643644.156,11425,"1764643644.156,f=11425",True
822,1764643644.19,11426,"1764643644.190,f=11426",True
823,1764643644.223,11427,"1764643644.223,f=11427",True
824,1764643644.256,11428,"1764643644.256,f=11428",True
825,1764643644.29,11429,"1764643644.290,f=11429",True
826,1764643644.323,11430,"1764643644.323,f=11430",True
827,1764643644.356,11431,"1764643644.356,f=11431",True
828,1764643644.39,11432,"1764643644.390,f=11432",True
829,1764643644.423,11433,"1764643644.423,f=11433",True
830,1764643644.456,11434,"1764643644.456,f=11434",True
831,1764643644.49,11435,"1764643644.490,f=11435",True
832,1764643644.523,11436,"1764643644.523,f=11436",True
833,1764643644.556,11437,"1764643644.556,f=11437",True
834,1764643644.59,11438,"1764643644.590,f=11438",True
835,1764643644.623,11439,"1764643644.623,f=11439",True
836,1764643644.656,11440,"1764643644.656,f=11440",True
837,1764643644.69,11441,"1764643644.690,f=11441",True
838,1764643644.723,11442,"1764643644.723,f=11442",True
839,1764643644.756,11443,"1764643644.756,f=11443",True
840,1764643644.79,11444,"1764643644.790,f=11444",True
841,1764643644.823,11445,"1764643644.823,f=11445",True
842,1764643644.856,11446,"1764643644.856,f=11446",True
843,1764643644.89,11447,"1764643644.890,f=11447",True
844,1764643644.923,11448,"1764643644.923,f=11448",True
845,1764643644.956,11449,"1764643644.956,f=11449",True
846,1764643644.99,11450,"1764643644.990,f=11450",True
847,1764643645.023,11451,"1764643645.023,f=11451",True
848,1764643645.056,11452,"1764643645.056,f=11452",True
849,1764643645.09,11453,"1764643645.090,f=11453",True
850,1764643645.123,11454,"1764643645.123,f=11454",True
851,1764643645.156,11455,"1764643645.156,f=11455",True
852,1764643645.19,11456,"1764643645.190,f=11456",True
853,1764643645.223,11457,"1764643645.223,f=11457",True
854,1764643645.256,11458,"1764643645.256,f=11458",True
855,1764643645.29,11459,"1764643645.290,f=11459",True
856,1764643645.323,11460,"1764643645.323,f=11460",True
857,1764643645.356,11461,"1764643645.356,f=11461",True
858,1764643645.39,11462,"1764643645.390,f=11462",True
859,1764643645.423,11463,"1764643645.423,f=11463",True
860,1764643645.456,11464,"1764643645.456,f=11464",True
861,1764643645.49,11465,"1764643645.490,f=11465",True
862,1764643645.523,11466,"1764643645.523,f=11466",True
863,1764643645.556,11467,"1764643645.556,f=11467",True
864,1764643645.59,11468,"1764643645.590,f=11468",True
865,1764643645.623,11469,"1764643645.623,f=11469",True
866,1764643645.656,11470,"1764643645.656,f=11470",True
867,1764643645.69,11471,"1764643645.690,f=11471",True
868,1764643645.723,11472,"1764643645.723,f=11472",True
869,1764643645.756,11473,"1764643645.756,f=11473",True
870,1764643645.79,11474,"1764643645.790,f=11474",True
871,1764643645.823,11475,"1764643645.823,f=11475",True
872,1764643645.856,11476,"1764643645.856,f=11476",True
873,1764643645.89,11477,"1764643645.890,f=11477",True
874,1764643645.923,11478,"1764643645.923,f=11478",True
875,1764643645.956,11479,"1764643645.956,f=11479",True
876,1764643645.99,11480,"1764643645.990,f=11480",True
877,1764643646.023,11481,"1764643646.023,f=11481",True
878,1764643646.056,11482,"1764643646.056,f=11482",True
879,1764643646.09,11483,"1764643646.090,f=11483",True
880,1764643646.123,11484,"1764643646.123,f=11484",True
881,1764643646.156,11485,"1764643646.156,f=11485",True
882,1764643646.19,11486,"1764643646.190,f=11486",True
883,1764643646.223,11487,"1764643646.223,f=11487",True
884,1764643646.256,11488,"1764643646.256,f=11488",True
885,1764643646.29,11489,"1764643646.290,f=11489",True
886,1764643646.323,11490,"1764643646.323,f=11490",True
887,1764643646.356,11491,"1764643646.356,f=11491",True
888,1764643646.39,11492,"1764643646.390,f=11492",True
889,1764643646.423,11493,"1764643646.423,f=11493",True
890,1764643646.456,11494,"1764643646.456,f=11494",True
891,1764643646.49,11495,"1764643646.490,f=11495",True
892,1764643646.523,11496,"1764643646.523,f=11496",True
893,1764643646.556,11497,"1764643646.556,f=11497",True
894,1764643646.59,11498,"1764643646.590,f=11498",True
895,1764643646.623,11499,"1764643646.623,f=11499",True
896,1764643646.656,11500,"1764643646.656,f=11500",True
897,1764643646.69,11501,"1764643646.690,f=11501",True
898,1764643646.723,11502,"1764643646.723,f=11502",True
899,1764643646.756,11503,"1764643646.756,f=11503",True
900,1764643646.79,11504,"1764643646.790,f=11504",True
901,1764643646.823,11505,"1764643646.823,f=11505",True
902,1764643646.856,11506,"1764643646.856,f=11506",True
903,1764643646.89,11507,"1764643646.890,f=11507",True
904,1764643646.923,11508,"1764643646.923,f=11508",True
905,1764643646.956,11509,"1764643646.956,f=11509",True
906,1764643646.99,11510,"1764643646.990,f=11510",True
907,1764643647.023,11511,"1764643647.023,f=11511",True
908,1764643647.056,11512,"1764643647.056,f=11512",True
909,1764643647.09,11513,"1764643647.090,f=11513",True
910,1764643647.123,11514,"1764643647.123,f=11514",True
911,1764643647.156,11515,"1764643647.156,f=11515",True
912,1764643647.19,11516,"1764643647.190,f=11516",True
913,1764643647.223,11517,"1764643647.223,f=11517",True
914,1764643647.256,11518,"1764643647.256,f=11518",True
915,1764643647.29,11519,"1764643647.290,f=11519",True
916,1764643647.323,11520,"1764643647.323,f=11520",True
917,1764643647.356,11521,"1764643647.356,f=11521",True
918,1764643647.39,11522,"1764643647.390,f=11522",True
919,1764643647.423,11523,"1764643647.423,f=11523",True
920,1764643647.456,11524,"1764643647.456,f=11524",True
921,1764643647.49,11525,"1764643647.490,f=11525",True
922,1764643647.523,11526,"1764643647.523,f=11526",True
923,1764643647.556,11527,"1764643647.556,f=11527",True
924,1764643647.59,11528,"1764643647.590,f=11528",True
925,1764643647.623,11529,"1764643647.623,f=11529",True
926,1764643647.656,11530,"1764643647.656,f=11530",True
927,1764643647.69,11531,"1764643647.690,f=11531",True
928,1764643647.723,11532,"1764643647.723,f=11532",True
929,1764643647.756,11533,"1764643647.756,f=11533",True
930,1764643647.79,11534,"1764643647.790,f=11534",True
931,1764643647.823,11535,"1764643647.823,f=11535",True
932,1764643647.856,11536,"1764643647.856,f=11536",True
933,1764643647.89,11537,"1764643647.890,f=11537",True
934,1764643647.923,11538,"1764643647.923,f=11538",True
935,1764643647.956,11539,"1764643647.956,f=11539",True
936,1764643647.99,11540,"1764643647.990,f=11540",True
937,1764643648.023,11541,"1764643648.023,f=11541",True
938,1764643648.056,11542,"1764643648.056,f=11542",True
939,1764643648.09,11543,"1764643648.090,f=11543",True
940,1764643648.123,11544,"1764643648.123,f=11544",True
941,1764643648.156,11545,"1764643648.156,f=11545",True
942,1764643648.19,11546,"1764643648.190,f=11546",True
943,1764643648.223,11547,"1764643648.223,f=11547",True
944,1764643648.256,11548,"1764643648.256,f=11548",True
945,1764643648.29,11549,"1764643648.290,f=11549",True
946,1764643648.323,11550,"1764643648.323,f=11550",True
947,1764643648.356,11551,"1764643648.356,f=11551",True
948,1764643648.39,11552,"1764643648.390,f=11552",True
949,1764643648.423,11553,"1764643648.423,f=11553",True
950,1764643648.456,11554,"1764643648.456,f=11554",True
951,1764643648.49,11555,"1764643648.490,f=11555",True
952,1764643648.523,11556,"1764643648.523,f=11556",True
953,1764643648.556,11557,"1764643648.556,f=11557",True
954,1764643648.59,11558,"1764643648.590,f=11558",True
955,1764643648.623,11559,"1764643648.623,f=11559",True
956,1764643648.656,11560,"1764643648.656,f=11560",True
957,1764643648.69,11561,"1764643648.690,f=11561",True
958,1764643648.723,11562,"1764643648.723,f=11562",True
959,1764643648.756,11563,"1764643648.756,f=11563",True
960,1764643648.79,11564,"1764643648.790,f=11564",True
961,1764643648.823,11565,"1764643648.823,f=11565",True
962,1764643648.856,11566,"1764643648.856,f=11566",True
963,1764643648.89,11567,"1764643648.890,f=11567",True
964,1764643648.923,11568,"1764643648.923,f=11568",True
965,1764643648.956,11569,"1764643648.956,f=11569",True
966,1764643648.99,11570,"1764643648.990,f=11570",True
967,1764643649.023,11571,"1764643649.023,f=11571",True
968,1764643649.056,11572,"1764643649.056,f=11572",True
969,1764643649.09,11573,"1764643649.090,f=11573",True
970,1764643649.123,11574,"1764643649.123,f=11574",True
971,1764643649.156,11575,"1764643649.156,f=11575",True
972,1764643649.19,11576,"1764643649.190,f=11576",True
973,,,,False
974,1764643649.256,11578,"1764643649.256,f=11578",True
975,1764643649.29,11579,"1764643649.290,f=11579",True
976,1764643649.323,11580,"1764643649.323,f=11580",True
977,1764643649.356,11581,"1764643649.356,f=11581",True
978,1764643649.39,11582,"1764643649.390,f=11582",True
979,1764643649.423,11583,"1764643649.423,f=11583",True
980,1764643649.456,11584,"1764643649.456,f=11584",True
981,1764643649.49,11585,"1764643649.490,f=11585",True
982,1764643649.523,11586,"1764643649.523,f=11586",True
983,1764643649.556,11587,"1764643649.556,f=11587",True
984,1764643649.59,11588,"1764643649.590,f=11588",True
985,1764643649.623,11589,"1764643649.623,f=11589",True
986,1764643649.656,11590,"1764643649.656,f=11590",True
987,1764643649.69,11591,"1764643649.690,f=11591",True
988,1764643649.723,11592,"1764643649.723,f=11592",True
989,1764643649.756,11593,"1764643649.756,f=11593",True
990,1764643649.79,11594,"1764643649.790,f=11594",True
991,1764643649.823,11595,"1764643649.823,f=11595",True
992,1764643649.856,11596,"1764643649.856,f=11596",True
993,1764643649.89,11597,"1764643649.890,f=11597",True
994,1764643649.923,11598,"1764643649.923,f=11598",True
995,1764643649.956,11599,"1764643649.956,f=11599",True
996,1764643649.99,11600,"1764643649.990,f=11600",True
997,1764643650.023,11601,"1764643650.023,f=11601",True
998,1764643650.056,11602,"1764643650.056,f=11602",True
999,1764643650.09,11603,"1764643650.090,f=11603",True
1000,1764643650.123,11604,"1764643650.123,f=11604",True
1001,,,,False
1002,1764643650.19,11606,"1764643650.190,f=11606",True
1003,1764643650.223,11607,"1764643650.223,f=11607",True
1004,1764643650.256,11608,"1764643650.256,f=11608",True
1005,1764643650.29,11609,"1764643650.290,f=11609",True
1006,1764643650.323,11610,"1764643650.323,f=11610",True
1007,1764643650.356,11611,"1764643650.356,f=11611",True
1008,1764643650.39,11612,"1764643650.390,f=11612",True
1009,1764643650.423,11613,"1764643650.423,f=11613",True
1010,1764643650.456,11614,"1764643650.456,f=11614",True
1011,1764643650.49,11615,"1764643650.490,f=11615",True
1012,1764643650.523,11616,"1764643650.523,f=11616",True
1013,1764643650.556,11617,"1764643650.556,f=11617",True
1014,1764643650.59,11618,"1764643650.590,f=11618",True
1015,1764643650.623,11619,"1764643650.623,f=11619",True
1016,1764643650.656,11620,"1764643650.656,f=11620",True
1017,1764643650.69,11621,"1764643650.690,f=11621",True
1018,1764643650.723,11622,"1764643650.723,f=11622",True
1019,1764643650.756,11623,"1764643650.756,f=11623",True
1020,1764643650.79,11624,"1764643650.790,f=11624",True
1021,1764643650.823,11625,"1764643650.823,f=11625",True
1022,1764643650.856,11626,"1764643650.856,f=11626",True
1023,1764643650.89,11627,"1764643650.890,f=11627",True
1024,1764643650.923,11628,"1764643650.923,f=11628",True
1025,1764643650.956,11629,"1764643650.956,f=11629",True
1026,1764643650.99,11630,"1764643650.990,f=11630",True
1027,1764643651.023,11631,"1764643651.023,f=11631",True
1028,1764643651.056,11632,"1764643651.056,f=11632",True
1029,1764643651.09,11633,"1764643651.090,f=11633",True
1030,1764643651.123,11634,"1764643651.123,f=11634",True
1031,1764643651.156,11635,"1764643651.156,f=11635",True
1032,1764643651.19,11636,"1764643651.190,f=11636",True
1033,1764643651.223,11637,"1764643651.223,f=11637",True
1034,1764643651.256,11638,"1764643651.256,f=11638",True
1035,1764643651.29,11639,"1764643651.290,f=11639",True
1036,1764643651.323,11640,"1764643651.323,f=11640",True
1037,1764643651.356,11641,"1764643651.356,f=11641",True
1038,1764643651.39,11642,"1764643651.390,f=11642",True
1039,1764643651.423,11643,"1764643651.423,f=11643",True
1040,1764643651.456,11644,"1764643651.456,f=11644",True
1041,1764643651.49,11645,"1764643651.490,f=11645",True
1042,1764643651.523,11646,"1764643651.523,f=11646",True
1043,1764643651.556,11647,"1764643651.556,f=11647",True
1044,1764643651.59,11648,"1764643651.590,f=11648",True
1045,1764643651.623,11649,"1764643651.623,f=11649",True
1046,1764643651.656,11650,"1764643651.656,f=11650",True
1047,1764643651.69,11651,"1764643651.690,f=11651",True
1048,1764643651.723,11652,"1764643651.723,f=11652",True
1049,1764643651.756,11653,"1764643651.756,f=11653",True
1050,1764643651.79,11654,"1764643651.790,f=11654",True
1051,1764643651.823,11655,"1764643651.823,f=11655",True
1052,1764643651.856,11656,"1764643651.856,f=11656",True
1053,1764643651.89,11657,"1764643651.890,f=11657",True
1054,1764643651.923,11658,"1764643651.923,f=11658",True
1055,1764643651.956,11659,"1764643651.956,f=11659",True
1056,1764643651.99,11660,"1764643651.990,f=11660",True
1057,1764643652.023,11661,"1764643652.023,f=11661",True
1058,1764643652.056,11662,"1764643652.056,f=11662",True
1059,1764643652.09,11663,"1764643652.090,f=11663",True
1060,1764643652.123,11664,"1764643652.123,f=11664",True
1061,1764643652.156,11665,"1764643652.156,f=11665",True
1062,1764643652.19,11666,"1764643652.190,f=11666",True
1063,1764643652.223,11667,"1764643652.223,f=11667",True
1064,1764643652.256,11668,"1764643652.256,f=11668",True
1065,1764643652.29,11669,"1764643652.290,f=11669",True
1066,1764643652.323,11670,"1764643652.323,f=11670",True
1067,1764643652.356,11671,"1764643652.356,f=11671",True
1068,1764643652.39,11672,"1764643652.390,f=11672",True
1069,1764643652.423,11673,"1764643652.423,f=11673",True
1070,1764643652.456,11674,"1764643652.456,f=11674",True
1071,1764643652.49,11675,"1764643652.490,f=11675",True
1072,1764643652.523,11676,"1764643652.523,f=11676",True
1073,1764643652.556,11677,"1764643652.556,f=11677",True
1074,1764643652.59,11678,"1764643652.590,f=11678",True
1075,1764643652.623,11679,"1764643652.623,f=11679",True
1076,1764643652.656,11680,"1764643652.656,f=11680",True
1077,1764643652.69,11681,"1764643652.690,f=11681",True
1078,1764643652.723,11682,"1764643652.723,f=11682",True
1079,1764643652.756,11683,"1764643652.756,f=11683",True
1080,1764643652.79,11684,"1764643652.790,f=11684",True
1081,1764643652.823,11685,"1764643652.823,f=11685",True
1082,1764643652.856,11686,"1764643652.856,f=11686",True
1083,1764643652.89,11687,"1764643652.890,f=11687",True
1084,1764643652.923,11688,"1764643652.923,f=11688",True
1085,1764643652.956,11689,"1764643652.956,f=11689",True
1086,1764643652.99,11690,"1764643652.990,f=11690",True
1087,1764643653.023,11691,"1764643653.023,f=11691",True
1088,1764643653.056,11692,"1764643653.056,f=11692",True
1089,1764643653.09,11693,"1764643653.090,f=11693",True
1090,1764643653.123,11694,"1764643653.123,f=11694",True
1091,1764643653.156,11695,"1764643653.156,f=11695",True
1092,1764643653.19,11696,"1764643653.190,f=11696",True
1093,1764643653.223,11697,"1764643653.223,f=11697",True
1094,1764643653.256,11698,"1764643653.256,f=11698",True
1095,1764643653.29,11699,"1764643653.290,f=11699",True
1096,1764643653.323,11700,"1764643653.323,f=11700",True
1097,1764643653.356,11701,"1764643653.356,f=11701",True
1098,1764643653.39,11702,"1764643653.390,f=11702",True
1099,1764643653.423,11703,"1764643653.423,f=11703",True
1100,1764643653.456,11704,"1764643653.456,f=11704",True
1101,1764643653.49,11705,"1764643653.490,f=11705",True
1102,1764643653.523,11706,"1764643653.523,f=11706",True
1103,1764643653.556,11707,"1764643653.556,f=11707",True
1104,1764643653.59,11708,"1764643653.590,f=11708",True
1105,1764643653.623,11709,"1764643653.623,f=11709",True
1106,1764643653.656,11710,"1764643653.656,f=11710",True
1107,1764643653.69,11711,"1764643653.690,f=11711",True
1108,1764643653.723,11712,"1764643653.723,f=11712",True
1109,1764643653.756,11713,"1764643653.756,f=11713",True
1110,1764643653.79,11714,"1764643653.790,f=11714",True
1111,1764643653.823,11715,"1764643653.823,f=11715",True
1112,1764643653.856,11716,"1764643653.856,f=11716",True
1113,1764643653.89,11717,"1764643653.890,f=11717",True
1114,1764643653.923,11718,"1764643653.923,f=11718",True
1115,1764643653.956,11719,"1764643653.956,f=11719",True
1116,1764643653.99,11720,"1764643653.990,f=11720",True
1117,1764643654.023,11721,"1764643654.023,f=11721",True
1118,1764643654.056,11722,"1764643654.056,f=11722",True
1119,1764643654.09,11723,"1764643654.090,f=11723",True
1120,1764643654.123,11724,"1764643654.123,f=11724",True
1121,1764643654.156,11725,"1764643654.156,f=11725",True
1122,1764643654.19,11726,"1764643654.190,f=11726",True
1123,1764643654.223,11727,"1764643654.223,f=11727",True
1124,1764643654.256,11728,"1764643654.256,f=11728",True
1125,1764643654.29,11729,"1764643654.290,f=11729",True
1126,1764643654.323,11730,"1764643654.323,f=11730",True
1127,1764643654.356,11731,"1764643654.356,f=11731",True
1128,1764643654.39,11732,"1764643654.390,f=11732",True
1129,1764643654.423,11733,"1764643654.423,f=11733",True
1130,1764643654.456,11734,"1764643654.456,f=11734",True
1131,1764643654.49,11735,"1764643654.490,f=11735",True
1132,1764643654.523,11736,"1764643654.523,f=11736",True
1133,1764643654.556,11737,"1764643654.556,f=11737",True
1134,1764643654.59,11738,"1764643654.590,f=11738",True
1135,1764643654.623,11739,"1764643654.623,f=11739",True
1136,1764643654.656,11740,"1764643654.656,f=11740",True
1137,1764643654.69,11741,"1764643654.690,f=11741",True
1138,1764643654.723,11742,"1764643654.723,f=11742",True
1139,1764643654.756,11743,"1764643654.756,f=11743",True
1140,1764643654.79,11744,"1764643654.790,f=11744",True
1141,1764643654.823,11745,"1764643654.823,f=11745",True
1142,1764643654.856,11746,"1764643654.856,f=11746",True
1143,1764643654.89,11747,"1764643654.890,f=11747",True
1144,1764643654.923,11748,"1764643654.923,f=11748",True
1145,1764643654.956,11749,"1764643654.956,f=11749",True
1146,1764643654.99,11750,"1764643654.990,f=11750",True
1147,1764643655.023,11751,"1764643655.023,f=11751",True
1148,1764643655.056,11752,"1764643655.056,f=11752",True
1149,1764643655.09,11753,"1764643655.090,f=11753",True
1150,1764643655.123,11754,"1764643655.123,f=11754",True
1151,1764643655.156,11755,"1764643655.156,f=11755",True
1152,1764643655.19,11756,"1764643655.190,f=11756",True
1153,1764643655.223,11757,"1764643655.223,f=11757",True
1154,1764643655.256,11758,"1764643655.256,f=11758",True
1155,1764643655.29,11759,"1764643655.290,f=11759",True
1156,1764643655.323,11760,"1764643655.323,f=11760",True
1157,1764643655.356,11761,"1764643655.356,f=11761",True
1158,1764643655.39,11762,"1764643655.390,f=11762",True
1159,1764643655.423,11763,"1764643655.423,f=11763",True
1160,1764643655.456,11764,"1764643655.456,f=11764",True
1161,1764643655.49,11765,"1764643655.490,f=11765",True
1162,1764643655.523,11766,"1764643655.523,f=11766",True
1163,1764643655.556,11767,"1764643655.556,f=11767",True
1164,1764643655.59,11768,"1764643655.590,f=11768",True
1165,1764643655.623,11769,"1764643655.623,f=11769",True
1166,1764643655.656,11770,"1764643655.656,f=11770",True
1167,1764643655.69,11771,"1764643655.690,f=11771",True
1168,1764643655.723,11772,"1764643655.723,f=11772",True
1169,1764643655.756,11773,"1764643655.756,f=11773",True
1170,1764643655.79,11774,"1764643655.790,f=11774",True
1171,1764643655.823,11775,"1764643655.823,f=11775",True
1172,1764643655.856,11776,"1764643655.856,f=11776",True
1173,1764643655.89,11777,"1764643655.890,f=11777",True
1174,1764643655.923,11778,"1764643655.923,f=11778",True
1175,1764643655.956,11779,"1764643655.956,f=11779",True
1176,1764643655.99,11780,"1764643655.990,f=11780",True
1177,1764643656.023,11781,"1764643656.023,f=11781",True
1178,1764643656.056,11782,"1764643656.056,f=11782",True
1179,1764643656.09,11783,"1764643656.090,f=11783",True
1180,1764643656.123,11784,"1764643656.123,f=11784",True
1181,1764643656.156,11785,"1764643656.156,f=11785",True
1182,1764643656.19,11786,"1764643656.190,f=11786",True
1183,1764643656.223,11787,"1764643656.223,f=11787",True
1184,1764643656.256,11788,"1764643656.256,f=11788",True
1185,1764643656.29,11789,"1764643656.290,f=11789",True
1186,1764643656.323,11790,"1764643656.323,f=11790",True
1187,1764643656.356,11791,"1764643656.356,f=11791",True
1188,1764643656.39,11792,"1764643656.390,f=11792",True
1189,1764643656.423,11793,"1764643656.423,f=11793",True
1190,1764643656.456,11794,"1764643656.456,f=11794",True
1191,1764643656.49,11795,"1764643656.490,f=11795",True
1192,1764643656.523,11796,"1764643656.523,f=11796",True
1193,1764643656.556,11797,"1764643656.556,f=11797",True
1194,1764643656.59,11798,"1764643656.590,f=11798",True
1195,1764643656.623,11799,"1764643656.623,f=11799",True
1196,1764643656.656,11800,"1764643656.656,f=11800",True
1197,1764643656.69,11801,"1764643656.690,f=11801",True
1198,1764643656.723,11802,"1764643656.723,f=11802",True
1199,1764643656.756,11803,"1764643656.756,f=11803",True
1200,1764643656.79,11804,"1764643656.790,f=11804",True
1201,1764643656.823,11805,"1764643656.823,f=11805",True
1202,1764643656.856,11806,"1764643656.856,f=11806",True
1203,1764643656.89,11807,"1764643656.890,f=11807",True
1204,1764643656.923,11808,"1764643656.923,f=11808",True
1205,1764643656.956,11809,"1764643656.956,f=11809",True
1206,1764643656.99,11810,"1764643656.990,f=11810",True
1207,1764643657.023,11811,"1764643657.023,f=11811",True
1208,1764643657.056,11812,"1764643657.056,f=11812",True
1209,1764643657.09,11813,"1764643657.090,f=11813",True
1210,1764643657.123,11814,"1764643657.123,f=11814",True
1211,1764643657.156,11815,"1764643657.156,f=11815",True
1212,1764643657.19,11816,"1764643657.190,f=11816",True
1213,1764643657.223,11817,"1764643657.223,f=11817",True
1214,1764643657.256,11818,"1764643657.256,f=11818",True
1215,1764643657.29,11819,"1764643657.290,f=11819",True
1216,1764643657.323,11820,"1764643657.323,f=11820",True
1217,1764643657.356,11821,"1764643657.356,f=11821",True
1218,1764643657.39,11822,"1764643657.390,f=11822",True
1219,1764643657.423,11823,"1764643657.423,f=11823",True
1220,1764643657.456,11824,"1764643657.456,f=11824",True
1221,1764643657.49,11825,"1764643657.490,f=11825",True
1222,1764643657.523,11826,"1764643657.523,f=11826",True
1223,1764643657.556,11827,"1764643657.556,f=11827",True
1224,1764643657.59,11828,"1764643657.590,f=11828",True
1225,1764643657.623,11829,"1764643657.623,f=11829",True
1226,1764643657.656,11830,"1764643657.656,f=11830",True
1227,1764643657.69,11831,"1764643657.690,f=11831",True
1228,1764643657.723,11832,"1764643657.723,f=11832",True
1229,1764643657.756,11833,"1764643657.756,f=11833",True
1230,1764643657.79,11834,"1764643657.790,f=11834",True
1231,1764643657.823,11835,"1764643657.823,f=11835",True
1232,1764643657.856,11836,"1764643657.856,f=11836",True
1233,1764643657.89,11837,"1764643657.890,f=11837",True
1234,1764643657.923,11838,"1764643657.923,f=11838",True
1235,1764643657.956,11839,"1764643657.956,f=11839",True
1236,1764643657.99,11840,"1764643657.990,f=11840",True
1237,1764643658.023,11841,"1764643658.023,f=11841",True
1238,1764643658.056,11842,"1764643658.056,f=11842",True
1239,1764643658.09,11843,"1764643658.090,f=11843",True
1240,1764643658.123,11844,"1764643658.123,f=11844",True
1241,1764643658.156,11845,"1764643658.156,f=11845",True
1242,1764643658.19,11846,"1764643658.190,f=11846",True
1243,1764643658.223,11847,"1764643658.223,f=11847",True
1244,1764643658.256,11848,"1764643658.256,f=11848",True
1245,1764643658.29,11849,"1764643658.290,f=11849",True
1246,1764643658.323,11850,"1764643658.323,f=11850",True
1247,1764643658.356,11851,"1764643658.356,f=11851",True
1248,1764643658.39,11852,"1764643658.390,f=11852",True
1249,1764643658.423,11853,"1764643658.423,f=11853",True
1250,1764643658.456,11854,"1764643658.456,f=11854",True
1251,1764643658.49,11855,"1764643658.490,f=11855",True
1252,1764643658.523,11856,"1764643658.523,f=11856",True
1253,1764643658.556,11857,"1764643658.556,f=11857",True
1254,1764643658.59,11858,"1764643658.590,f=11858",True
1255,1764643658.623,11859,"1764643658.623,f=11859",True
1256,1764643658.656,11860,"1764643658.656,f=11860",True
1257,1764643658.69,11861,"1764643658.690,f=11861",True
1258,1764643658.723,11862,"1764643658.723,f=11862",True
1259,1764643658.756,11863,"1764643658.756,f=11863",True
1260,1764643658.79,11864,"1764643658.790,f=11864",True
1261,1764643658.823,11865,"1764643658.823,f=11865",True
1262,1764643658.856,11866,"1764643658.856,f=11866",True
1263,1764643658.89,11867,"1764643658.890,f=11867",True
1264,1764643658.923,11868,"1764643658.923,f=11868",True
1265,1764643658.956,11869,"1764643658.956,f=11869",True
1266,1764643658.99,11870,"1764643658.990,f=11870",True
1267,1764643659.023,11871,"1764643659.023,f=11871",True
1268,1764643659.023,11871,"1764643659.023,f=11871",True
1269,1764643659.09,11873,"1764643659.090,f=11873",True
1270,1764643659.123,11874,"1764643659.123,f=11874",True
1271,1764643659.156,11875,"1764643659.156,f=11875",True
1272,1764643659.19,11876,"1764643659.190,f=11876",True
1273,1764643659.223,11877,"1764643659.223,f=11877",True
1274,1764643659.256,11878,"1764643659.256,f=11878",True
1275,1764643659.29,11879,"1764643659.290,f=11879",True
1276,1764643659.323,11880,"1764643659.323,f=11880",True
1277,1764643659.356,11881,"1764643659.356,f=11881",True
1278,1764643659.39,11882,"1764643659.390,f=11882",True
1279,1764643659.423,11883,"1764643659.423,f=11883",True
1280,1764643659.456,11884,"1764643659.456,f=11884",True
1281,1764643659.49,11885,"1764643659.490,f=11885",True
1282,1764643659.523,11886,"1764643659.523,f=11886",True
1283,1764643659.556,11887,"1764643659.556,f=11887",True
1284,1764643659.59,11888,"1764643659.590,f=11888",True
1285,1764643659.623,11889,"1764643659.623,f=11889",True
1286,1764643659.623,11889,"1764643659.623,f=11889",True
1287,1764643659.69,11891,"1764643659.690,f=11891",True
1288,1764643659.723,11892,"1764643659.723,f=11892",True
1289,1764643659.756,11893,"1764643659.756,f=11893",True
1290,1764643659.79,11894,"1764643659.790,f=11894",True
1291,1764643659.823,11895,"1764643659.823,f=11895",True
1292,1764643659.856,11896,"1764643659.856,f=11896",True
1293,1764643659.89,11897,"1764643659.890,f=11897",True
1294,1764643659.923,11898,"1764643659.923,f=11898",True
1295,1764643659.956,11899,"1764643659.956,f=11899",True
1296,1764643659.99,11900,"1764643659.990,f=11900",True
1297,1764643660.023,11901,"1764643660.023,f=11901",True
1298,1764643660.056,11902,"1764643660.056,f=11902",True
1299,1764643660.09,11903,"1764643660.090,f=11903",True
1300,1764643660.123,11904,"1764643660.123,f=11904",True
1301,1764643660.156,11905,"1764643660.156,f=11905",True
1302,1764643660.19,11906,"1764643660.190,f=11906",True
1303,1764643660.223,11907,"1764643660.223,f=11907",True
1304,1764643660.256,11908,"1764643660.256,f=11908",True
1305,1764643660.29,11909,"1764643660.290,f=11909",True
1306,1764643660.323,11910,"1764643660.323,f=11910",True
1307,1764643660.356,11911,"1764643660.356,f=11911",True
1308,1764643660.39,11912,"1764643660.390,f=11912",True
1309,1764643660.423,11913,"1764643660.423,f=11913",True
1310,1764643660.456,11914,"1764643660.456,f=11914",True
1311,1764643660.49,11915,"1764643660.490,f=11915",True
1312,1764643660.523,11916,"1764643660.523,f=11916",True
1313,1764643660.556,11917,"1764643660.556,f=11917",True
1314,1764643660.59,11918,"1764643660.590,f=11918",True
1315,1764643660.623,11919,"1764643660.623,f=11919",True
1316,1764643660.656,11920,"1764643660.656,f=11920",True
1317,1764643660.69,11921,"1764643660.690,f=11921",True
1318,1764643660.723,11922,"1764643660.723,f=11922",True
1319,1764643660.756,11923,"1764643660.756,f=11923",True
1320,1764643660.79,11924,"1764643660.790,f=11924",True
1321,1764643660.823,11925,"1764643660.823,f=11925",True
1322,1764643660.856,11926,"1764643660.856,f=11926",True
1323,1764643660.89,11927,"1764643660.890,f=11927",True
1324,1764643660.923,11928,"1764643660.923,f=11928",True
1325,1764643660.956,11929,"1764643660.956,f=11929",True
1326,1764643660.99,11930,"1764643660.990,f=11930",True
1327,1764643661.023,11931,"1764643661.023,f=11931",True
1328,1764643661.056,11932,"1764643661.056,f=11932",True
1329,1764643661.09,11933,"1764643661.090,f=11933",True
1330,1764643661.123,11934,"1764643661.123,f=11934",True
1331,1764643661.156,11935,"1764643661.156,f=11935",True
1332,1764643661.19,11936,"1764643661.190,f=11936",True
1333,1764643661.223,11937,"1764643661.223,f=11937",True
1334,1764643661.256,11938,"1764643661.256,f=11938",True
1335,1764643661.29,11939,"1764643661.290,f=11939",True
1336,1764643661.323,11940,"1764643661.323,f=11940",True
1337,1764643661.356,11941,"1764643661.356,f=11941",True
1338,1764643661.39,11942,"1764643661.390,f=11942",True
1339,1764643661.423,11943,"1764643661.423,f=11943",True
1340,1764643661.456,11944,"1764643661.456,f=11944",True
1341,1764643661.49,11945,"1764643661.490,f=11945",True
1342,1764643661.523,11946,"1764643661.523,f=11946",True
1343,1764643661.556,11947,"1764643661.556,f=11947",True
1344,1764643661.59,11948,"1764643661.590,f=11948",True
1345,1764643661.623,11949,"1764643661.623,f=11949",True
1346,1764643661.656,11950,"1764643661.656,f=11950",True
1347,1764643661.69,11951,"1764643661.690,f=11951",True
1348,1764643661.723,11952,"1764643661.723,f=11952",True
1349,1764643661.756,11953,"1764643661.756,f=11953",True
1350,1764643661.79,11954,"1764643661.790,f=11954",True
1351,1764643661.823,11955,"1764643661.823,f=11955",True
1352,1764643661.856,11956,"1764643661.856,f=11956",True
1353,1764643661.89,11957,"1764643661.890,f=11957",True
1354,1764643661.923,11958,"1764643661.923,f=11958",True
1355,1764643661.956,11959,"1764643661.956,f=11959",True
1356,1764643661.99,11960,"1764643661.990,f=11960",True
1357,1764643662.023,11961,"1764643662.023,f=11961",True
1358,1764643662.056,11962,"1764643662.056,f=11962",True
1359,1764643662.09,11963,"1764643662.090,f=11963",True
1360,1764643662.123,11964,"1764643662.123,f=11964",True
1361,1764643662.156,11965,"1764643662.156,f=11965",True
1362,1764643662.19,11966,"1764643662.190,f=11966",True
1363,1764643662.223,11967,"1764643662.223,f=11967",True
1364,1764643662.256,11968,"1764643662.256,f=11968",True
1365,1764643662.29,11969,"1764643662.290,f=11969",True
1366,1764643662.323,11970,"1764643662.323,f=11970",True
1367,1764643662.356,11971,"1764643662.356,f=11971",True
1368,1764643662.39,11972,"1764643662.390,f=11972",True
1369,1764643662.423,11973,"1764643662.423,f=11973",True
1370,1764643662.456,11974,"1764643662.456,f=11974",True
1371,1764643662.49,11975,"1764643662.490,f=11975",True
1372,1764643662.523,11976,"1764643662.523,f=11976",True
1373,1764643662.556,11977,"1764643662.556,f=11977",True
1374,1764643662.59,11978,"1764643662.590,f=11978",True
1375,1764643662.623,11979,"1764643662.623,f=11979",True
1376,1764643662.656,11980,"1764643662.656,f=11980",True
1377,1764643662.69,11981,"1764643662.690,f=11981",True
1378,1764643662.723,11982,"1764643662.723,f=11982",True
1379,1764643662.756,11983,"1764643662.756,f=11983",True
1380,1764643662.79,11984,"1764643662.790,f=11984",True
1381,1764643662.823,11985,"1764643662.823,f=11985",True
1382,1764643662.856,11986,"1764643662.856,f=11986",True
1383,1764643662.89,11987,"1764643662.890,f=11987",True
1384,1764643662.923,11988,"1764643662.923,f=11988",True
1385,1764643662.956,11989,"1764643662.956,f=11989",True
1386,1764643662.99,11990,"1764643662.990,f=11990",True
1387,1764643663.023,11991,"1764643663.023,f=11991",True
1388,1764643663.056,11992,"1764643663.056,f=11992",True
1389,1764643663.09,11993,"1764643663.090,f=11993",True
1390,1764643663.123,11994,"1764643663.123,f=11994",True
1391,1764643663.156,11995,"1764643663.156,f=11995",True
1392,1764643663.19,11996,"1764643663.190,f=11996",True
1393,1764643663.223,11997,"1764643663.223,f=11997",True
1394,1764643663.256,11998,"1764643663.256,f=11998",True
1395,1764643663.29,11999,"1764643663.290,f=11999",True
1396,1764643663.323,12000,"1764643663.323,f=12000",True
1397,1764643663.356,12001,"1764643663.356,f=12001",True
1398,1764643663.39,12002,"1764643663.390,f=12002",True
1399,1764643663.423,12003,"1764643663.423,f=12003",True
1400,1764643663.456,12004,"1764643663.456,f=12004",True
1401,1764643663.49,12005,"1764643663.490,f=12005",True
1402,1764643663.523,12006,"1764643663.523,f=12006",True
1403,1764643663.556,12007,"1764643663.556,f=12007",True
1404,1764643663.59,12008,"1764643663.590,f=12008",True
1405,1764643663.623,12009,"1764643663.623,f=12009",True
1406,1764643663.656,12010,"1764643663.656,f=12010",True
1407,1764643663.69,12011,"1764643663.690,f=12011",True
1408,1764643663.723,12012,"1764643663.723,f=12012",True
1409,1764643663.756,12013,"1764643663.756,f=12013",True
1410,1764643663.79,12014,"1764643663.790,f=12014",True
1411,1764643663.823,12015,"1764643663.823,f=12015",True
1412,1764643663.856,12016,"1764643663.856,f=12016",True
1413,1764643663.89,12017,"1764643663.890,f=12017",True
1414,1764643663.923,12018,"1764643663.923,f=12018",True
1415,1764643663.956,12019,"1764643663.956,f=12019",True
1416,1764643663.99,12020,"1764643663.990,f=12020",True
1417,1764643664.023,12021,"1764643664.023,f=12021",True
1418,1764643664.056,12022,"1764643664.056,f=12022",True
1419,1764643664.09,12023,"1764643664.090,f=12023",True
1420,1764643664.123,12024,"1764643664.123,f=12024",True
1421,1764643664.156,12025,"1764643664.156,f=12025",True
1422,1764643664.19,12026,"1764643664.190,f=12026",True
1423,1764643664.223,12027,"1764643664.223,f=12027",True
1424,1764643664.256,12028,"1764643664.256,f=12028",True
1425,1764643664.29,12029,"1764643664.290,f=12029",True
1426,1764643664.323,12030,"1764643664.323,f=12030",True
1427,1764643664.356,12031,"1764643664.356,f=12031",True
1428,1764643664.39,12032,"1764643664.390,f=12032",True
1429,1764643664.423,12033,"1764643664.423,f=12033",True
1430,1764643664.456,12034,"1764643664.456,f=12034",True
1431,1764643664.49,12035,"1764643664.490,f=12035",True
1432,1764643664.523,12036,"1764643664.523,f=12036",True
1433,1764643664.556,12037,"1764643664.556,f=12037",True
1434,1764643664.59,12038,"1764643664.590,f=12038",True
1435,1764643664.623,12039,"1764643664.623,f=12039",True
1436,1764643664.656,12040,"1764643664.656,f=12040",True
1437,1764643664.69,12041,"1764643664.690,f=12041",True
1438,1764643664.723,12042,"1764643664.723,f=12042",True
1439,1764643664.756,12043,"1764643664.756,f=12043",True
1440,1764643664.79,12044,"1764643664.790,f=12044",True
1441,1764643664.823,12045,"1764643664.823,f=12045",True
1442,1764643664.856,12046,"1764643664.856,f=12046",True
1443,1764643664.89,12047,"1764643664.890,f=12047",True
1444,1764643664.923,12048,"1764643664.923,f=12048",True
1445,1764643664.956,12049,"1764643664.956,f=12049",True
1446,1764643664.99,12050,"1764643664.990,f=12050",True
1447,1764643665.023,12051,"1764643665.023,f=12051",True
1448,1764643665.056,12052,"1764643665.056,f=12052",True
1449,1764643665.09,12053,"1764643665.090,f=12053",True
1450,,,,False
1451,,,,False
1452,1764643665.19,12056,"1764643665.190,f=12056",True
1453,1764643665.223,12057,"1764643665.223,f=12057",True
1454,1764643665.256,12058,"1764643665.256,f=12058",True
1455,1764643665.29,12059,"1764643665.290,f=12059",True
1456,1764643665.323,12060,"1764643665.323,f=12060",True
1457,1764643665.356,12061,"1764643665.356,f=12061",True
1458,1764643665.39,12062,"1764643665.390,f=12062",True
1459,1764643665.423,12063,"1764643665.423,f=12063",True
1460,,,,False
1461,1764643665.49,12065,"1764643665.490,f=12065",True
1462,,,,False
1463,1764643665.556,12067,"1764643665.556,f=12067",True
1464,1764643665.59,12068,"1764643665.590,f=12068",True
1465,1764643665.623,12069,"1764643665.623,f=12069",True
1466,,,,False
1467,,,,False
1468,1764643665.723,12072,"1764643665.723,f=12072",True
1469,,,,False
1470,1764643665.79,12074,"1764643665.790,f=12074",True
1471,1764643665.856,12076,"1764643665.856,f=12076",True
1472,,,,False
1473,,,,False
1474,,,,False
1475,1764643665.99,12080,"1764643665.990,f=12080",True
1476,,,,False
1477,,,,False
1478,1764643666.09,12083,"1764643666.090,f=12083",True
1479,1764643666.123,12084,"1764643666.123,f=12084",True
1480,,,,False
1481,,,,False
1482,,,,False
1483,,,,False
1484,,,,False
1485,,,,False
1486,,,,False
1487,,,,False
1488,,,,False
1489,,,,False
1490,,,,False
1491,,,,False
1492,1764643666.556,12097,"1764643666.556,f=12097",True
1493,1764643666.59,12098,"1764643666.590,f=12098",True
1494,,,,False
1495,1764643666.656,12100,"1764643666.656,f=12100",True
1496,,,,False
1497,1764643666.723,12102,"1764643666.723,f=12102",True
1498,,,,False
1499,1764643666.79,12104,"1764643666.790,f=12104",True
1500,,,,False
1501,,,,False
1502,,,,False
1503,1764643666.923,12108,"1764643666.923,f=12108",True
1504,,,,False
1505,,,,False
1506,,,,False
1507,,,,False
1508,,,,False
1509,,,,False
1510,,,,False
1511,,,,False
1512,,,,False
1513,1764643667.256,12118,"1764643667.256,f=12118",True
1514,,,,False
1515,,,,False
1516,,,,False
1517,,,,False
1518,,,,False
1519,,,,False
1520,1764643667.49,12125,"1764643667.490,f=12125",True
1521,,,,False
1522,,,,False
1523,,,,False
1524,,,,False
1525,,,,False
1526,1764643667.69,12131,"1764643667.690,f=12131",True
1527,,,,False
1528,,,,False
1529,,,,False
1530,,,,False
1531,,,,False
1532,,,,False
1533,,,,False
1534,,,,False
1535,,,,False
1536,,,,False
1537,,,,False
1538,,,,False
1539,,,,False
1540,,,,False
1541,,,,False
1542,,,,False
1543,,,,False
1544,,,,False
1545,,,,False
1546,,,,False
1547,,,,False
1548,,,,False
1549,,,,False
1550,,,,False
1551,,,,False
1552,,,,False
1553,,,,False
1554,,,,False
1555,,,,False
1556,,,,False
1557,,,,False
1558,,,,False
1559,,,,False
1560,,,,False
1561,,,,False
1562,,,,False
1563,,,,False
1564,,,,False
1565,,,,False
1566,,,,False
1567,,,,False
1568,,,,False
1569,,,,False
1570,,,,False
1571,,,,False
1572,,,,False
1573,,,,False
1574,,,,False
1575,,,,False
1576,1764643669.323,12180,"1764643669.323,f=12180",True
1577,,,,False
1578,,,,False
1579,1764643669.423,12183,"1764643669.423,f=12183",True
1580,,,,False
1581,,,,False
1582,,,,False
1583,,,,False
1584,,,,False
1585,,,,False
1586,,,,False
1587,1764643669.69,12191,"1764643669.690,f=12191",True
1588,1764643669.723,12192,"1764643669.723,f=12192",True
1589,,,,False
1590,1764643669.79,12194,"1764643669.790,f=12194",True
1591,,,,False
1592,,,,False
1593,,,,False
1594,,,,False
1595,,,,False
1596,,,,False
1597,1764643670.023,12201,"1764643670.023,f=12201",True
1598,,,,False
1599,,,,False
1600,1764643670.123,12204,"1764643670.123,f=12204",True
1601,,,,False
1602,,,,False
1603,,,,False
1604,1764643670.256,12208,"1764643670.256,f=12208",True
1605,,,,False
1606,1764643670.323,12210,"1764643670.323,f=12210",True
1607,,,,False
1608,,,,False
1609,,,,False
1610,1764643670.456,12214,"1764643670.456,f=12214",True
1611,,,,False
1612,,,,False
1613,,,,False
1614,1764643670.59,12218,"1764643670.590,f=12218",True
1615,1764643670.623,12219,"1764643670.623,f=12219",True
1616,1764643670.656,12220,"1764643670.656,f=12220",True
1617,,,,False
1618,,,,False
1619,1764643670.756,12223,"1764643670.756,f=12223",True
1620,,,,False
1621,1764643670.823,12225,"1764643670.823,f=12225",True
1622,,,,False
1623,,,,False
1624,,,,False
1625,1764643670.956,12229,"1764643670.956,f=12229",True
1626,1764643670.99,12230,"1764643670.990,f=12230",True
1627,,,,False
1628,1764643671.056,12232,"1764643671.056,f=12232",True
1629,1764643671.09,12233,"1764643671.090,f=12233",True
1630,1764643671.123,12234,"1764643671.123,f=12234",True
1631,,,,False
1632,,,,False
1633,,,,False
1634,,,,False
1635,,,,False
1636,1764643671.323,12240,"1764643671.323,f=12240",True
1637,1764643671.356,12241,"1764643671.356,f=12241",True
1638,,,,False
1639,1764643671.423,12243,"1764643671.423,f=12243",True
1640,,,,False
1641,1764643671.49,12245,"1764643671.490,f=12245",True
1642,1764643671.523,12246,"1764643671.523,f=12246",True
1643,1764643671.556,12247,"1764643671.556,f=12247",True
1644,1764643671.59,12248,"1764643671.590,f=12248",True
1645,1764643671.623,12249,"1764643671.623,f=12249",True
1646,1764643671.656,12250,"1764643671.656,f=12250",True
1647,1764643671.69,12251,"1764643671.690,f=12251",True
1648,1764643671.723,12252,"1764643671.723,f=12252",True
1649,1764643671.756,12253,"1764643671.756,f=12253",True
1650,1764643671.79,12254,"1764643671.790,f=12254",True
1651,1764643671.823,12255,"1764643671.823,f=12255",True
1652,1764643671.856,12256,"1764643671.856,f=12256",True
1653,1764643671.89,12257,"1764643671.890,f=12257",True
1654,1764643671.923,12258,"1764643671.923,f=12258",True
1655,1764643671.956,12259,"1764643671.956,f=12259",True
1656,,,,False
1657,1764643672.023,12261,"1764643672.023,f=12261",True
1658,1764643672.056,12262,"1764643672.056,f=12262",True
1659,1764643672.09,12263,"1764643672.090,f=12263",True
1660,1764643672.123,12264,"1764643672.123,f=12264",True
1661,1764643672.156,12265,"1764643672.156,f=12265",True
1662,1764643672.19,12266,"1764643672.190,f=12266",True
1663,1764643672.223,12267,"1764643672.223,f=12267",True
1664,1764643672.256,12268,"1764643672.256,f=12268",True
1665,1764643672.29,12269,"1764643672.290,f=12269",True
1666,1764643672.323,12270,"1764643672.323,f=12270",True
1667,1764643672.356,12271,"1764643672.356,f=12271",True
1668,1764643672.39,12272,"1764643672.390,f=12272",True
1669,1764643672.423,12273,"1764643672.423,f=12273",True
1670,1764643672.456,12274,"1764643672.456,f=12274",True
1671,1764643672.49,12275,"1764643672.490,f=12275",True
1672,1764643672.523,12276,"1764643672.523,f=12276",True
1673,1764643672.556,12277,"1764643672.556,f=12277",True
1674,1764643672.59,12278,"1764643672.590,f=12278",True
1675,1764643672.623,12279,"1764643672.623,f=12279",True
1676,1764643672.656,12280,"1764643672.656,f=12280",True
1677,1764643672.69,12281,"1764643672.690,f=12281",True
1678,1764643672.723,12282,"1764643672.723,f=12282",True
1679,1764643672.756,12283,"1764643672.756,f=12283",True
1680,1764643672.79,12284,"1764643672.790,f=12284",True
1681,1764643672.823,12285,"1764643672.823,f=12285",True
1682,1764643672.856,12286,"1764643672.856,f=12286",True
1683,1764643672.89,12287,"1764643672.890,f=12287",True
1684,1764643672.923,12288,"1764643672.923,f=12288",True
1685,1764643672.956,12289,"1764643672.956,f=12289",True
1686,1764643672.99,12290,"1764643672.990,f=12290",True
1687,1764643673.023,12291,"1764643673.023,f=12291",True
1688,1764643673.056,12292,"1764643673.056,f=12292",True
1689,1764643673.123,12294,"1764643673.123,f=12294",True
1690,1764643673.156,12295,"1764643673.156,f=12295",True
1691,1764643673.19,12296,"1764643673.190,f=12296",True
1692,1764643673.223,12297,"1764643673.223,f=12297",True
1693,1764643673.256,12298,"1764643673.256,f=12298",True
1694,1764643673.29,12299,"1764643673.290,f=12299",True
1695,1764643673.323,12300,"1764643673.323,f=12300",True
1696,1764643673.356,12301,"1764643673.356,f=12301",True
1697,1764643673.39,12302,"1764643673.390,f=12302",True
1698,1764643673.423,12303,"1764643673.423,f=12303",True
1699,1764643673.456,12304,"1764643673.456,f=12304",True
1700,1764643673.49,12305,"1764643673.490,f=12305",True
1701,1764643673.523,12306,"1764643673.523,f=12306",True
1702,1764643673.556,12307,"1764643673.556,f=12307",True
1703,1764643673.59,12308,"1764643673.590,f=12308",True
1704,1764643673.623,12309,"1764643673.623,f=12309",True
1705,1764643673.656,12310,"1764643673.656,f=12310",True
1706,1764643673.69,12311,"1764643673.690,f=12311",True
1707,1764643673.723,12312,"1764643673.723,f=12312",True
1708,1764643673.756,12313,"1764643673.756,f=12313",True
1709,1764643673.79,12314,"1764643673.790,f=12314",True
1710,1764643673.823,12315,"1764643673.823,f=12315",True
1711,1764643673.856,12316,"1764643673.856,f=12316",True
1712,1764643673.89,12317,"1764643673.890,f=12317",True
1713,1764643673.923,12318,"1764643673.923,f=12318",True
1714,1764643673.956,12319,"1764643673.956,f=12319",True
1715,1764643673.99,12320,"1764643673.990,f=12320",True
1716,1764643674.023,12321,"1764643674.023,f=12321",True
1717,1764643674.056,12322,"1764643674.056,f=12322",True
1718,1764643674.09,12323,"1764643674.090,f=12323",True
1719,1764643674.123,12324,"1764643674.123,f=12324",True
1720,1764643674.156,12325,"1764643674.156,f=12325",True
1721,1764643674.19,12326,"1764643674.190,f=12326",True
1722,1764643674.223,12327,"1764643674.223,f=12327",True
1723,1764643674.256,12328,"1764643674.256,f=12328",True
1724,1764643674.29,12329,"1764643674.290,f=12329",True
1725,1764643674.323,12330,"1764643674.323,f=12330",True
1726,1764643674.356,12331,"1764643674.356,f=12331",True
1727,1764643674.39,12332,"1764643674.390,f=12332",True
1728,1764643674.423,12333,"1764643674.423,f=12333",True
1729,1764643674.456,12334,"1764643674.456,f=12334",True
1730,1764643674.49,12335,"1764643674.490,f=12335",True
1731,1764643674.523,12336,"1764643674.523,f=12336",True
1732,1764643674.556,12337,"1764643674.556,f=12337",True
1733,1764643674.59,12338,"1764643674.590,f=12338",True
1734,1764643674.623,12339,"1764643674.623,f=12339",True
1735,1764643674.656,12340,"1764643674.656,f=12340",True
1736,1764643674.69,12341,"1764643674.690,f=12341",True
1737,1764643674.723,12342,"1764643674.723,f=12342",True
1738,1764643674.756,12343,"1764643674.756,f=12343",True
1739,1764643674.79,12344,"1764643674.790,f=12344",True
1740,1764643674.823,12345,"1764643674.823,f=12345",True
1741,1764643674.856,12346,"1764643674.856,f=12346",True
1742,1764643674.89,12347,"1764643674.890,f=12347",True
1743,1764643674.923,12348,"1764643674.923,f=12348",True
1744,1764643674.956,12349,"1764643674.956,f=12349",True
1745,1764643674.99,12350,"1764643674.990,f=12350",True
1746,1764643675.023,12351,"1764643675.023,f=12351",True
1747,1764643675.056,12352,"1764643675.056,f=12352",True
1748,1764643675.09,12353,"1764643675.090,f=12353",True
1749,1764643675.123,12354,"1764643675.123,f=12354",True
1750,1764643675.156,12355,"1764643675.156,f=12355",True
1751,1764643675.19,12356,"1764643675.190,f=12356",True
1752,1764643675.223,12357,"1764643675.223,f=12357",True
1753,1764643675.256,12358,"1764643675.256,f=12358",True
1754,1764643675.29,12359,"1764643675.290,f=12359",True
1755,1764643675.323,12360,"1764643675.323,f=12360",True
1756,1764643675.356,12361,"1764643675.356,f=12361",True
1757,1764643675.39,12362,"1764643675.390,f=12362",True
1758,1764643675.423,12363,"1764643675.423,f=12363",True
1759,1764643675.456,12364,"1764643675.456,f=12364",True
1760,1764643675.49,12365,"1764643675.490,f=12365",True
1761,1764643675.523,12366,"1764643675.523,f=12366",True
1762,1764643675.556,12367,"1764643675.556,f=12367",True
1763,1764643675.59,12368,"1764643675.590,f=12368",True
1764,1764643675.623,12369,"1764643675.623,f=12369",True
1765,1764643675.656,12370,"1764643675.656,f=12370",True
1766,1764643675.69,12371,"1764643675.690,f=12371",True
1767,1764643675.723,12372,"1764643675.723,f=12372",True
1768,1764643675.756,12373,"1764643675.756,f=12373",True
1769,1764643675.79,12374,"1764643675.790,f=12374",True
1770,1764643675.823,12375,"1764643675.823,f=12375",True
1771,1764643675.856,12376,"1764643675.856,f=12376",True
1772,1764643675.89,12377,"1764643675.890,f=12377",True
1773,1764643675.923,12378,"1764643675.923,f=12378",True
1774,1764643675.956,12379,"1764643675.956,f=12379",True
1775,1764643675.99,12380,"1764643675.990,f=12380",True
1776,1764643676.023,12381,"1764643676.023,f=12381",True
1777,1764643676.056,12382,"1764643676.056,f=12382",True
1778,1764643676.09,12383,"1764643676.090,f=12383",True
1779,1764643676.123,12384,"1764643676.123,f=12384",True
1780,1764643676.156,12385,"1764643676.156,f=12385",True
1781,1764643676.19,12386,"1764643676.190,f=12386",True
1782,1764643676.223,12387,"1764643676.223,f=12387",True
1783,1764643676.256,12388,"1764643676.256,f=12388",True
1784,1764643676.29,12389,"1764643676.290,f=12389",True
